-- MySQL dump 10.13  Distrib 8.0.30, for Linux (x86_64)
--
-- Host: localhost    Database: fusioninvoiceuat
-- ------------------------------------------------------
-- Server version	8.0.30-0ubuntu0.20.04.2

/*!40101 SET @OLD_CHARACTER_SET_CLIENT=@@CHARACTER_SET_CLIENT */;
/*!40101 SET @OLD_CHARACTER_SET_RESULTS=@@CHARACTER_SET_RESULTS */;
/*!40101 SET @OLD_COLLATION_CONNECTION=@@COLLATION_CONNECTION */;
/*!50503 SET NAMES utf8mb4 */;
/*!40103 SET @OLD_TIME_ZONE=@@TIME_ZONE */;
/*!40103 SET TIME_ZONE='+00:00' */;
/*!40014 SET @OLD_UNIQUE_CHECKS=@@UNIQUE_CHECKS, UNIQUE_CHECKS=0 */;
/*!40014 SET @OLD_FOREIGN_KEY_CHECKS=@@FOREIGN_KEY_CHECKS, FOREIGN_KEY_CHECKS=0 */;
/*!40101 SET @OLD_SQL_MODE=@@SQL_MODE, SQL_MODE='NO_AUTO_VALUE_ON_ZERO' */;
/*!40111 SET @OLD_SQL_NOTES=@@SQL_NOTES, SQL_NOTES=0 */;

--
-- Table structure for table `activities`
--

DROP TABLE IF EXISTS `activities`;
/*!40101 SET @saved_cs_client     = @@character_set_client */;
/*!50503 SET character_set_client = utf8mb4 */;
CREATE TABLE `activities` (
  `id` int unsigned NOT NULL AUTO_INCREMENT,
  `created_at` timestamp NULL DEFAULT NULL,
  `updated_at` timestamp NULL DEFAULT NULL,
  `audit_type` varchar(255) CHARACTER SET utf8mb3 COLLATE utf8mb3_unicode_ci NOT NULL,
  `activity` varchar(255) CHARACTER SET utf8mb3 COLLATE utf8mb3_unicode_ci NOT NULL,
  `audit_id` int NOT NULL,
  `info` text CHARACTER SET utf8mb3 COLLATE utf8mb3_unicode_ci,
  PRIMARY KEY (`id`),
  KEY `activities_object_index` (`audit_type`),
  KEY `activities_activity_index` (`activity`),
  KEY `activities_parent_id_index` (`audit_id`)
) ENGINE=InnoDB AUTO_INCREMENT=50 DEFAULT CHARSET=utf8mb3 COLLATE=utf8mb3_unicode_ci;
/*!40101 SET character_set_client = @saved_cs_client */;

--
-- Dumping data for table `activities`
--

LOCK TABLES `activities` WRITE;
/*!40000 ALTER TABLE `activities` DISABLE KEYS */;
INSERT INTO `activities` VALUES (1,'2022-01-03 01:33:54','2022-01-03 01:33:54','FI\\Modules\\Quotes\\Models\\Quote','public.approved',1,NULL),(3,'2022-01-11 06:48:06','2022-01-11 06:48:06','FI\\Modules\\Quotes\\Models\\Quote','public.viewed',56,NULL),(4,'2022-01-11 07:25:20','2022-01-11 07:25:20','FI\\Modules\\Quotes\\Models\\Quote','public.viewed',57,NULL),(5,'2022-01-11 08:54:11','2022-01-11 08:54:11','FI\\Modules\\Quotes\\Models\\Quote','public.viewed',56,NULL),(6,'2022-01-15 03:02:37','2022-01-15 03:02:37','FI\\Modules\\Quotes\\Models\\Quote','public.viewed',77,NULL),(7,'2022-01-15 03:02:38','2022-01-15 03:02:38','FI\\Modules\\Quotes\\Models\\Quote','public.viewed',77,NULL),(8,'2022-01-15 03:02:41','2022-01-15 03:02:41','FI\\Modules\\Quotes\\Models\\Quote','public.approved',77,NULL),(11,'2022-01-15 06:36:38','2022-01-15 06:36:38','FI\\Modules\\Quotes\\Models\\Quote','public.viewed',75,NULL),(12,'2022-01-15 06:36:38','2022-01-15 06:36:38','FI\\Modules\\Quotes\\Models\\Quote','public.viewed',75,NULL),(13,'2022-01-15 06:37:58','2022-01-15 06:37:58','FI\\Modules\\Quotes\\Models\\Quote','public.viewed',78,NULL),(14,'2022-01-15 06:38:02','2022-01-15 06:38:02','FI\\Modules\\Quotes\\Models\\Quote','public.viewed',78,NULL),(15,'2022-01-15 07:16:15','2022-01-15 07:16:15','FI\\Modules\\Quotes\\Models\\Quote','public.approved',78,NULL),(16,'2022-01-15 07:20:49','2022-01-15 07:20:49','FI\\Modules\\Quotes\\Models\\Quote','public.approved',78,NULL),(17,'2022-01-15 07:22:20','2022-01-15 07:22:20','FI\\Modules\\Quotes\\Models\\Quote','public.viewed',78,NULL),(18,'2022-01-15 07:27:21','2022-01-15 07:27:21','FI\\Modules\\Quotes\\Models\\Quote','public.viewed',78,NULL),(22,'2022-02-01 23:22:32','2022-02-01 23:22:32','FI\\Modules\\Quotes\\Models\\Quote','public.viewed',90,NULL),(23,'2022-02-01 23:22:32','2022-02-01 23:22:32','FI\\Modules\\Quotes\\Models\\Quote','public.viewed',90,NULL),(24,'2022-02-01 23:22:52','2022-02-01 23:22:52','FI\\Modules\\Quotes\\Models\\Quote','public.viewed',90,NULL),(25,'2022-02-02 00:09:53','2022-02-02 00:09:53','FI\\Modules\\Invoices\\Models\\Invoice','public.viewed',54,NULL),(26,'2022-02-02 00:12:01','2022-02-02 00:12:01','FI\\Modules\\Invoices\\Models\\Invoice','public.viewed',54,NULL),(27,'2022-04-25 00:43:10','2022-04-25 00:43:10','FI\\Modules\\Invoices\\Models\\Invoice','public.viewed',84,NULL),(28,'2022-04-25 06:59:58','2022-04-25 06:59:58','FI\\Modules\\Invoices\\Models\\Invoice','public.viewed',85,NULL),(29,'2022-04-25 07:11:16','2022-04-25 07:11:16','FI\\Modules\\Quotes\\Models\\Quote','public.viewed',118,NULL),(30,'2022-04-25 07:11:41','2022-04-25 07:11:41','FI\\Modules\\Quotes\\Models\\Quote','public.viewed',118,NULL),(31,'2022-04-25 07:14:26','2022-04-25 07:14:26','FI\\Modules\\Quotes\\Models\\Quote','public.viewed',118,NULL),(32,'2022-04-25 07:14:40','2022-04-25 07:14:40','FI\\Modules\\Quotes\\Models\\Quote','public.approved',118,NULL),(33,'2022-04-25 07:14:41','2022-04-25 07:14:41','FI\\Modules\\Quotes\\Models\\Quote','public.viewed',118,NULL),(34,'2022-04-28 04:13:24','2022-04-28 04:13:24','FI\\Modules\\Quotes\\Models\\Quote','public.viewed',118,NULL),(35,'2022-04-28 04:15:12','2022-04-28 04:15:12','FI\\Modules\\Quotes\\Models\\Quote','public.viewed',120,NULL),(36,'2022-05-04 00:53:43','2022-05-04 00:53:43','FI\\Modules\\Invoices\\Models\\Invoice','public.viewed',87,NULL),(37,'2022-05-04 00:54:20','2022-05-04 00:54:20','FI\\Modules\\Invoices\\Models\\Invoice','public.paid',87,NULL),(38,'2022-05-04 00:54:20','2022-05-04 00:54:20','FI\\Modules\\Invoices\\Models\\Invoice','public.viewed',87,NULL),(39,'2022-05-04 00:55:58','2022-05-04 00:55:58','FI\\Modules\\Invoices\\Models\\Invoice','public.viewed',88,NULL),(40,'2022-05-04 01:52:25','2022-05-04 01:52:25','FI\\Modules\\Invoices\\Models\\Invoice','public.viewed',88,NULL),(41,'2022-05-08 22:27:46','2022-05-08 22:27:46','FI\\Modules\\Invoices\\Models\\Invoice','public.viewed',88,NULL),(42,'2022-05-09 05:13:24','2022-05-09 05:13:24','FI\\Modules\\Invoices\\Models\\Invoice','public.viewed',88,NULL),(43,'2022-05-09 05:14:15','2022-05-09 05:14:15','FI\\Modules\\Invoices\\Models\\Invoice','public.paid',88,NULL),(44,'2022-05-09 05:14:16','2022-05-09 05:14:16','FI\\Modules\\Invoices\\Models\\Invoice','public.viewed',88,NULL),(45,'2022-05-09 07:29:21','2022-05-09 07:29:21','FI\\Modules\\Invoices\\Models\\Invoice','public.viewed',87,NULL),(46,'2022-05-09 07:30:28','2022-05-09 07:30:28','FI\\Modules\\Invoices\\Models\\Invoice','public.paid',87,NULL),(47,'2022-05-09 07:30:28','2022-05-09 07:30:28','FI\\Modules\\Invoices\\Models\\Invoice','public.viewed',87,NULL),(48,'2022-05-10 04:34:23','2022-05-10 04:34:23','FI\\Modules\\Quotes\\Models\\Quote','public.approved',123,NULL),(49,'2022-05-16 01:34:23','2022-05-16 01:34:23','FI\\Modules\\Quotes\\Models\\Quote','public.approved',124,NULL);
/*!40000 ALTER TABLE `activities` ENABLE KEYS */;
UNLOCK TABLES;

--
-- Table structure for table `addons`
--

DROP TABLE IF EXISTS `addons`;
/*!40101 SET @saved_cs_client     = @@character_set_client */;
/*!50503 SET character_set_client = utf8mb4 */;
CREATE TABLE `addons` (
  `id` int unsigned NOT NULL AUTO_INCREMENT,
  `created_at` timestamp NULL DEFAULT NULL,
  `updated_at` timestamp NULL DEFAULT NULL,
  `name` varchar(255) CHARACTER SET utf8mb3 COLLATE utf8mb3_unicode_ci NOT NULL,
  `author_name` varchar(255) CHARACTER SET utf8mb3 COLLATE utf8mb3_unicode_ci NOT NULL,
  `author_url` varchar(255) CHARACTER SET utf8mb3 COLLATE utf8mb3_unicode_ci NOT NULL,
  `navigation_menu` longtext CHARACTER SET utf8mb3 COLLATE utf8mb3_unicode_ci,
  `system_menu` longtext CHARACTER SET utf8mb3 COLLATE utf8mb3_unicode_ci,
  `path` varchar(255) CHARACTER SET utf8mb3 COLLATE utf8mb3_unicode_ci NOT NULL,
  `enabled` tinyint(1) NOT NULL DEFAULT '0',
  `navigation_reports` longtext CHARACTER SET utf8mb3 COLLATE utf8mb3_unicode_ci,
  PRIMARY KEY (`id`)
) ENGINE=InnoDB AUTO_INCREMENT=2 DEFAULT CHARSET=utf8mb3 COLLATE=utf8mb3_unicode_ci;
/*!40101 SET character_set_client = @saved_cs_client */;

--
-- Dumping data for table `addons`
--

LOCK TABLES `addons` WRITE;
/*!40000 ALTER TABLE `addons` DISABLE KEYS */;
INSERT INTO `addons` VALUES (1,'2022-01-03 02:28:07','2022-01-03 02:28:15','Scheduler','Dave Albright','https://www.cytech-eng.com','schedule._navigation','schedule._system','Scheduler',1,'schedule._reports');
/*!40000 ALTER TABLE `addons` ENABLE KEYS */;
UNLOCK TABLES;

--
-- Table structure for table `attachments`
--

DROP TABLE IF EXISTS `attachments`;
/*!40101 SET @saved_cs_client     = @@character_set_client */;
/*!50503 SET character_set_client = utf8mb4 */;
CREATE TABLE `attachments` (
  `id` int unsigned NOT NULL AUTO_INCREMENT,
  `created_at` timestamp NULL DEFAULT NULL,
  `updated_at` timestamp NULL DEFAULT NULL,
  `user_id` int NOT NULL,
  `attachable_id` int NOT NULL,
  `attachable_type` varchar(255) CHARACTER SET utf8mb3 COLLATE utf8mb3_unicode_ci NOT NULL,
  `filename` varchar(255) CHARACTER SET utf8mb3 COLLATE utf8mb3_unicode_ci NOT NULL,
  `mimetype` varchar(255) CHARACTER SET utf8mb3 COLLATE utf8mb3_unicode_ci NOT NULL,
  `size` int NOT NULL,
  `url_key` varchar(255) CHARACTER SET utf8mb3 COLLATE utf8mb3_unicode_ci NOT NULL,
  `client_visibility` int NOT NULL,
  PRIMARY KEY (`id`)
) ENGINE=InnoDB DEFAULT CHARSET=utf8mb3 COLLATE=utf8mb3_unicode_ci;
/*!40101 SET character_set_client = @saved_cs_client */;

--
-- Dumping data for table `attachments`
--

LOCK TABLES `attachments` WRITE;
/*!40000 ALTER TABLE `attachments` DISABLE KEYS */;
/*!40000 ALTER TABLE `attachments` ENABLE KEYS */;
UNLOCK TABLES;

--
-- Table structure for table `clients`
--

DROP TABLE IF EXISTS `clients`;
/*!40101 SET @saved_cs_client     = @@character_set_client */;
/*!50503 SET character_set_client = utf8mb4 */;
CREATE TABLE `clients` (
  `id` int unsigned NOT NULL AUTO_INCREMENT,
  `created_at` timestamp NULL DEFAULT NULL,
  `updated_at` timestamp NULL DEFAULT NULL,
  `name` varchar(255) CHARACTER SET utf8mb3 COLLATE utf8mb3_unicode_ci NOT NULL,
  `type` tinyint NOT NULL DEFAULT '1',
  `address` text CHARACTER SET utf8mb3 COLLATE utf8mb3_unicode_ci,
  `city` varchar(255) CHARACTER SET utf8mb3 COLLATE utf8mb3_unicode_ci DEFAULT NULL,
  `state` varchar(255) CHARACTER SET utf8mb3 COLLATE utf8mb3_unicode_ci DEFAULT NULL,
  `zip` varchar(255) CHARACTER SET utf8mb3 COLLATE utf8mb3_unicode_ci DEFAULT NULL,
  `country` varchar(255) CHARACTER SET utf8mb3 COLLATE utf8mb3_unicode_ci DEFAULT NULL,
  `phone` varchar(255) CHARACTER SET utf8mb3 COLLATE utf8mb3_unicode_ci DEFAULT NULL,
  `fax` varchar(255) CHARACTER SET utf8mb3 COLLATE utf8mb3_unicode_ci DEFAULT NULL,
  `mobile` varchar(255) CHARACTER SET utf8mb3 COLLATE utf8mb3_unicode_ci DEFAULT NULL,
  `email` varchar(255) CHARACTER SET utf8mb3 COLLATE utf8mb3_unicode_ci DEFAULT NULL,
  `web` varchar(255) CHARACTER SET utf8mb3 COLLATE utf8mb3_unicode_ci DEFAULT NULL,
  `url_key` varchar(255) CHARACTER SET utf8mb3 COLLATE utf8mb3_unicode_ci NOT NULL,
  `active` tinyint(1) NOT NULL DEFAULT '1',
  `currency_code` varchar(255) CHARACTER SET utf8mb3 COLLATE utf8mb3_unicode_ci DEFAULT NULL,
  `unique_name` varchar(255) CHARACTER SET utf8mb3 COLLATE utf8mb3_unicode_ci DEFAULT NULL,
  `language` varchar(255) CHARACTER SET utf8mb3 COLLATE utf8mb3_unicode_ci DEFAULT NULL,
  `special` int NOT NULL DEFAULT '0',
  PRIMARY KEY (`id`),
  KEY `clients_name_index` (`name`),
  KEY `clients_active_index` (`active`),
  KEY `clients_unique_name_index` (`unique_name`)
) ENGINE=InnoDB AUTO_INCREMENT=1962 DEFAULT CHARSET=utf8mb3 COLLATE=utf8mb3_unicode_ci;
/*!40101 SET character_set_client = @saved_cs_client */;

--
-- Dumping data for table `clients`
--

LOCK TABLES `clients` WRITE;
/*!40000 ALTER TABLE `clients` DISABLE KEYS */;
INSERT INTO `clients` VALUES (1955,'2022-04-20 01:00:47','2022-08-10 03:25:06','TATA',0,'','','','','','','','','manjunath@samiteon.com','','aS9y8mgvuHtbYNPdH2oOTmc8IpvsPSVA',1,'USD','TATA','en',0),(1958,'2022-08-04 02:15:31','2022-08-04 02:15:31','TREO',2,'4/2 out house, 5th main, 6th parallel road, chamarajpet','Bangalore','Karnataka','560018','','8105893939','','','mhindupur@gmail.com','4/2 out house, 5th main, 6th parallel road, chamarajpet','cwswVOajwpbXGqR2S7p5qGHljLK69bDW',1,'USD','TREO','en',1),(1959,'2022-08-05 00:32:27','2022-08-05 00:32:27',' 501 Fifty Time',1,'','','','','','','','7892156160','Infoky@fiftychairs.com','','gYUbUXGTg68K8N1BHOM9fk2GFLnChgRs',1,'USD',' 50 Fifty Chairs','en',0),(1960,'2022-08-16 10:40:12','2022-08-16 10:40:12','Kim Smith',1,'214 Sage Road','louisville','KY','40207','United States','15024425715','','','kimray.smith1@outlook.com','214 Sage Road','PjkBZcTqH7hWqEvtpLM2JDgy00yShohr',1,'USD','Kim Smith','en',0),(1961,'2022-08-16 10:41:24','2022-08-16 10:41:24','kimray.smith1@outlook.com',1,'',NULL,NULL,NULL,NULL,NULL,NULL,NULL,NULL,NULL,'f3HhGvkqnHlUPxV9JsEqxRvFsJqEul8E',1,'USD','kimray.smith1@outlook.com','en',0);
/*!40000 ALTER TABLE `clients` ENABLE KEYS */;
UNLOCK TABLES;

--
-- Table structure for table `clients_custom`
--

DROP TABLE IF EXISTS `clients_custom`;
/*!40101 SET @saved_cs_client     = @@character_set_client */;
/*!50503 SET character_set_client = utf8mb4 */;
CREATE TABLE `clients_custom` (
  `client_id` int NOT NULL,
  `created_at` timestamp NULL DEFAULT NULL,
  `updated_at` timestamp NULL DEFAULT NULL,
  PRIMARY KEY (`client_id`)
) ENGINE=InnoDB DEFAULT CHARSET=utf8mb3 COLLATE=utf8mb3_unicode_ci;
/*!40101 SET character_set_client = @saved_cs_client */;

--
-- Dumping data for table `clients_custom`
--

LOCK TABLES `clients_custom` WRITE;
/*!40000 ALTER TABLE `clients_custom` DISABLE KEYS */;
INSERT INTO `clients_custom` VALUES (1,'2022-01-03 00:45:17','2022-01-03 00:45:17'),(2,'2022-01-03 01:32:45','2022-01-03 01:32:45'),(3,'2022-01-03 05:47:21','2022-01-03 05:47:21'),(4,'2022-01-03 06:36:35','2022-01-03 06:36:35'),(5,'2022-01-03 23:25:33','2022-01-03 23:25:33'),(6,'2022-01-03 23:29:32','2022-01-03 23:29:32'),(7,'2022-01-03 23:34:30','2022-01-03 23:34:30'),(8,'2022-01-03 23:39:21','2022-01-03 23:39:21'),(9,'2022-01-03 23:44:33','2022-01-03 23:44:33'),(10,'2022-01-03 23:45:42','2022-01-03 23:45:42'),(11,'2022-01-03 23:59:12','2022-01-03 23:59:12'),(12,'2022-01-04 00:08:38','2022-01-04 00:08:38'),(13,'2022-01-04 00:38:42','2022-01-04 00:38:42'),(14,'2022-01-04 00:39:34','2022-01-04 00:39:34'),(15,'2022-01-04 02:04:53','2022-01-04 02:04:53'),(16,'2022-01-04 02:30:57','2022-01-04 02:30:57'),(17,'2022-01-04 03:19:24','2022-01-04 03:19:24'),(18,'2022-01-04 03:36:42','2022-01-04 03:36:42'),(19,'2022-01-04 04:52:24','2022-01-04 04:52:24'),(20,'2022-01-04 04:52:52','2022-01-04 04:52:52'),(21,'2022-01-04 04:58:54','2022-01-04 04:58:54'),(22,'2022-01-04 05:07:12','2022-01-04 05:07:12'),(23,'2022-01-04 05:09:11','2022-01-04 05:09:11'),(24,'2022-01-04 05:10:30','2022-01-04 05:10:30'),(25,'2022-01-04 05:11:55','2022-01-04 05:11:55'),(26,'2022-01-04 23:11:25','2022-01-04 23:11:25'),(27,'2022-01-04 23:39:15','2022-01-04 23:39:15'),(28,'2022-01-05 00:26:26','2022-01-05 00:26:26'),(29,'2022-01-05 00:29:56','2022-01-05 00:29:56'),(30,'2022-01-05 04:07:31','2022-01-05 04:07:31'),(31,'2022-01-06 00:07:19','2022-01-06 00:07:19'),(32,'2022-01-06 00:12:01','2022-01-06 00:12:01'),(33,'2022-01-06 00:14:06','2022-01-06 00:14:06'),(34,'2022-01-06 00:16:46','2022-01-06 00:16:46'),(35,'2022-01-06 00:19:53','2022-01-06 00:19:53'),(36,'2022-01-06 00:24:19','2022-01-06 00:24:19'),(37,'2022-01-06 00:24:58','2022-01-06 00:24:58'),(38,'2022-01-06 00:27:27','2022-01-06 00:27:27'),(39,'2022-01-06 00:32:21','2022-01-06 00:32:21'),(40,'2022-01-06 00:34:13','2022-01-06 00:34:13'),(41,'2022-01-06 00:37:53','2022-01-06 00:37:53'),(42,'2022-01-06 00:39:13','2022-01-06 00:39:13'),(44,'2022-01-06 05:49:58','2022-01-06 05:49:58'),(45,'2022-01-07 05:03:30','2022-01-07 05:03:30'),(46,'2022-01-07 05:27:35','2022-01-07 05:27:35'),(47,'2022-01-10 01:14:14','2022-01-10 01:14:14'),(48,'2022-01-10 03:57:17','2022-01-10 03:57:17'),(49,'2022-01-10 07:03:42','2022-01-10 07:03:42'),(51,'2022-01-10 07:26:18','2022-01-10 07:26:18'),(52,'2022-01-11 04:20:36','2022-01-11 04:20:36'),(53,'2022-01-11 04:57:39','2022-01-11 04:57:39'),(54,'2022-01-11 20:12:10','2022-01-11 20:12:10'),(55,'2022-01-11 22:08:10','2022-01-11 22:08:10'),(56,'2022-01-12 04:47:28','2022-01-12 04:47:28'),(57,'2022-01-12 04:49:45','2022-01-12 04:49:45'),(58,'2022-01-12 08:10:59','2022-01-12 08:10:59'),(59,'2022-01-21 05:33:58','2022-01-21 05:33:58'),(60,'2022-01-21 05:33:58','2022-01-21 05:33:58'),(61,'2022-01-21 05:33:58','2022-01-21 05:33:58'),(62,'2022-01-21 05:33:58','2022-01-21 05:33:58'),(63,'2022-01-21 05:33:58','2022-01-21 05:33:58'),(64,'2022-01-21 05:33:58','2022-01-21 05:33:58'),(65,'2022-01-21 05:33:58','2022-01-21 05:33:58'),(66,'2022-01-21 05:33:58','2022-01-21 05:33:58'),(67,'2022-01-21 05:33:58','2022-01-21 05:33:58'),(68,'2022-01-21 05:33:58','2022-01-21 05:33:58'),(69,'2022-01-21 05:33:58','2022-01-21 05:33:58'),(70,'2022-01-21 05:33:58','2022-01-21 05:33:58'),(71,'2022-01-21 05:33:58','2022-01-21 05:33:58'),(72,'2022-01-21 05:33:58','2022-01-21 05:33:58'),(73,'2022-01-21 05:33:58','2022-01-21 05:33:58'),(74,'2022-01-21 05:33:58','2022-01-21 05:33:58'),(75,'2022-01-21 05:33:58','2022-01-21 05:33:58'),(76,'2022-01-21 05:33:58','2022-01-21 05:33:58'),(77,'2022-01-21 05:33:58','2022-01-21 05:33:58'),(78,'2022-01-21 05:33:58','2022-01-21 05:33:58'),(79,'2022-01-21 05:33:58','2022-01-21 05:33:58'),(80,'2022-01-21 05:33:58','2022-01-21 05:33:58'),(81,'2022-01-21 05:33:58','2022-01-21 05:33:58'),(82,'2022-01-21 05:33:58','2022-01-21 05:33:58'),(83,'2022-01-21 05:33:58','2022-01-21 05:33:58'),(84,'2022-01-21 05:33:58','2022-01-21 05:33:58'),(85,'2022-01-21 05:33:58','2022-01-21 05:33:58'),(86,'2022-01-21 05:33:58','2022-01-21 05:33:58'),(87,'2022-01-21 05:33:58','2022-01-21 05:33:58'),(88,'2022-01-21 05:33:58','2022-01-21 05:33:58'),(89,'2022-01-21 05:33:58','2022-01-21 05:33:58'),(90,'2022-01-21 05:33:58','2022-01-21 05:33:58'),(91,'2022-01-21 05:33:58','2022-01-21 05:33:58'),(92,'2022-01-21 05:33:58','2022-01-21 05:33:58'),(93,'2022-01-21 05:33:58','2022-01-21 05:33:58'),(94,'2022-01-21 05:33:58','2022-01-21 05:33:58'),(95,'2022-01-21 05:33:58','2022-01-21 05:33:58'),(96,'2022-01-21 05:33:58','2022-01-21 05:33:58'),(97,'2022-01-21 05:33:58','2022-01-21 05:33:58'),(98,'2022-01-21 05:33:58','2022-01-21 05:33:58'),(99,'2022-01-21 05:33:58','2022-01-21 05:33:58'),(100,'2022-01-21 05:33:58','2022-01-21 05:33:58'),(101,'2022-01-21 05:33:58','2022-01-21 05:33:58'),(102,'2022-01-21 05:33:58','2022-01-21 05:33:58'),(103,'2022-01-21 05:33:58','2022-01-21 05:33:58'),(104,'2022-01-21 05:33:58','2022-01-21 05:33:58'),(105,'2022-01-21 05:33:58','2022-01-21 05:33:58'),(106,'2022-01-21 05:33:58','2022-01-21 05:33:58'),(107,'2022-01-21 05:33:58','2022-01-21 05:33:58'),(108,'2022-01-21 05:33:58','2022-01-21 05:33:58'),(109,'2022-01-21 05:33:58','2022-01-21 05:33:58'),(110,'2022-01-21 05:33:58','2022-01-21 05:33:58'),(111,'2022-01-21 05:33:58','2022-01-21 05:33:58'),(112,'2022-01-21 05:33:58','2022-01-21 05:33:58'),(113,'2022-01-21 05:33:58','2022-01-21 05:33:58'),(114,'2022-01-21 05:33:58','2022-01-21 05:33:58'),(115,'2022-01-21 05:33:58','2022-01-21 05:33:58'),(116,'2022-01-21 05:33:58','2022-01-21 05:33:58'),(117,'2022-01-21 05:33:58','2022-01-21 05:33:58'),(118,'2022-01-21 05:33:58','2022-01-21 05:33:58'),(119,'2022-01-21 05:33:58','2022-01-21 05:33:58'),(120,'2022-01-21 05:33:58','2022-01-21 05:33:58'),(121,'2022-01-21 05:33:58','2022-01-21 05:33:58'),(122,'2022-01-21 05:33:58','2022-01-21 05:33:58'),(123,'2022-01-21 05:33:58','2022-01-21 05:33:58'),(124,'2022-01-21 05:33:58','2022-01-21 05:33:58'),(125,'2022-01-21 05:33:58','2022-01-21 05:33:58'),(126,'2022-01-21 05:33:58','2022-01-21 05:33:58'),(127,'2022-01-21 05:33:58','2022-01-21 05:33:58'),(128,'2022-01-21 05:33:58','2022-01-21 05:33:58'),(129,'2022-01-21 05:33:58','2022-01-21 05:33:58'),(130,'2022-01-21 05:33:58','2022-01-21 05:33:58'),(131,'2022-01-21 05:33:58','2022-01-21 05:33:58'),(132,'2022-01-21 05:33:58','2022-01-21 05:33:58'),(133,'2022-01-21 05:33:58','2022-01-21 05:33:58'),(134,'2022-01-21 05:33:58','2022-01-21 05:33:58'),(135,'2022-01-21 05:33:58','2022-01-21 05:33:58'),(136,'2022-01-21 05:33:58','2022-01-21 05:33:58'),(137,'2022-01-21 05:33:58','2022-01-21 05:33:58'),(138,'2022-01-21 05:33:58','2022-01-21 05:33:58'),(139,'2022-01-21 05:33:58','2022-01-21 05:33:58'),(140,'2022-01-21 05:33:58','2022-01-21 05:33:58'),(141,'2022-01-21 05:33:58','2022-01-21 05:33:58'),(142,'2022-01-21 05:33:58','2022-01-21 05:33:58'),(143,'2022-01-21 05:33:58','2022-01-21 05:33:58'),(144,'2022-01-21 05:33:58','2022-01-21 05:33:58'),(145,'2022-01-21 05:33:58','2022-01-21 05:33:58'),(146,'2022-01-21 05:33:58','2022-01-21 05:33:58'),(147,'2022-01-21 05:33:58','2022-01-21 05:33:58'),(148,'2022-01-21 05:33:58','2022-01-21 05:33:58'),(149,'2022-01-21 05:33:58','2022-01-21 05:33:58'),(150,'2022-01-21 05:33:58','2022-01-21 05:33:58'),(151,'2022-01-21 05:33:58','2022-01-21 05:33:58'),(152,'2022-01-21 05:33:58','2022-01-21 05:33:58'),(153,'2022-01-21 05:33:58','2022-01-21 05:33:58'),(154,'2022-01-21 05:33:58','2022-01-21 05:33:58'),(155,'2022-01-21 05:33:58','2022-01-21 05:33:58'),(156,'2022-01-21 05:33:58','2022-01-21 05:33:58'),(157,'2022-01-21 05:33:58','2022-01-21 05:33:58'),(158,'2022-01-21 05:33:58','2022-01-21 05:33:58'),(159,'2022-01-21 05:33:58','2022-01-21 05:33:58'),(160,'2022-01-21 05:33:58','2022-01-21 05:33:58'),(161,'2022-01-21 05:33:58','2022-01-21 05:33:58'),(162,'2022-01-21 05:33:58','2022-01-21 05:33:58'),(163,'2022-01-21 05:33:58','2022-01-21 05:33:58'),(164,'2022-01-21 05:33:58','2022-01-21 05:33:58'),(165,'2022-01-21 05:33:58','2022-01-21 05:33:58'),(166,'2022-01-21 05:33:58','2022-01-21 05:33:58'),(167,'2022-01-21 05:33:58','2022-01-21 05:33:58'),(168,'2022-01-21 05:33:58','2022-01-21 05:33:58'),(169,'2022-01-21 05:33:58','2022-01-21 05:33:58'),(170,'2022-01-21 05:33:58','2022-01-21 05:33:58'),(171,'2022-01-21 05:33:58','2022-01-21 05:33:58'),(172,'2022-01-21 05:33:58','2022-01-21 05:33:58'),(173,'2022-01-21 05:33:58','2022-01-21 05:33:58'),(174,'2022-01-21 05:33:58','2022-01-21 05:33:58'),(175,'2022-01-21 05:33:58','2022-01-21 05:33:58'),(176,'2022-01-21 05:33:58','2022-01-21 05:33:58'),(177,'2022-01-21 05:33:58','2022-01-21 05:33:58'),(178,'2022-01-21 05:33:58','2022-01-21 05:33:58'),(179,'2022-01-21 05:33:58','2022-01-21 05:33:58'),(180,'2022-01-21 05:33:58','2022-01-21 05:33:58'),(181,'2022-01-21 05:33:58','2022-01-21 05:33:58'),(182,'2022-01-21 05:33:58','2022-01-21 05:33:58'),(183,'2022-01-21 05:33:58','2022-01-21 05:33:58'),(184,'2022-01-21 05:33:58','2022-01-21 05:33:58'),(185,'2022-01-21 05:33:58','2022-01-21 05:33:58'),(186,'2022-01-21 05:33:58','2022-01-21 05:33:58'),(187,'2022-01-21 05:33:58','2022-01-21 05:33:58'),(188,'2022-01-21 05:33:58','2022-01-21 05:33:58'),(189,'2022-01-21 05:33:58','2022-01-21 05:33:58'),(190,'2022-01-21 05:33:58','2022-01-21 05:33:58'),(191,'2022-01-21 05:33:58','2022-01-21 05:33:58'),(192,'2022-01-21 05:33:58','2022-01-21 05:33:58'),(193,'2022-01-21 05:33:58','2022-01-21 05:33:58'),(194,'2022-01-21 05:33:58','2022-01-21 05:33:58'),(195,'2022-01-21 05:33:58','2022-01-21 05:33:58'),(196,'2022-01-21 05:33:58','2022-01-21 05:33:58'),(197,'2022-01-21 05:33:58','2022-01-21 05:33:58'),(198,'2022-01-21 05:33:58','2022-01-21 05:33:58'),(199,'2022-01-21 05:33:58','2022-01-21 05:33:58'),(200,'2022-01-21 05:33:58','2022-01-21 05:33:58'),(201,'2022-01-21 05:33:58','2022-01-21 05:33:58'),(202,'2022-01-21 05:33:58','2022-01-21 05:33:58'),(203,'2022-01-21 05:33:58','2022-01-21 05:33:58'),(204,'2022-01-21 05:33:58','2022-01-21 05:33:58'),(205,'2022-01-21 05:33:58','2022-01-21 05:33:58'),(206,'2022-01-21 05:33:58','2022-01-21 05:33:58'),(207,'2022-01-21 05:33:58','2022-01-21 05:33:58'),(208,'2022-01-21 05:33:58','2022-01-21 05:33:58'),(209,'2022-01-21 05:33:58','2022-01-21 05:33:58'),(210,'2022-01-21 05:33:58','2022-01-21 05:33:58'),(211,'2022-01-21 05:33:58','2022-01-21 05:33:58'),(212,'2022-01-21 05:33:58','2022-01-21 05:33:58'),(213,'2022-01-21 05:33:58','2022-01-21 05:33:58'),(214,'2022-01-21 05:33:58','2022-01-21 05:33:58'),(215,'2022-01-21 05:33:58','2022-01-21 05:33:58'),(216,'2022-01-21 05:33:58','2022-01-21 05:33:58'),(217,'2022-01-21 05:33:58','2022-01-21 05:33:58'),(218,'2022-01-21 05:33:58','2022-01-21 05:33:58'),(219,'2022-01-21 05:33:58','2022-01-21 05:33:58'),(220,'2022-01-21 05:33:58','2022-01-21 05:33:58'),(221,'2022-01-21 05:33:58','2022-01-21 05:33:58'),(222,'2022-01-21 05:33:58','2022-01-21 05:33:58'),(223,'2022-01-21 05:33:58','2022-01-21 05:33:58'),(224,'2022-01-21 05:33:58','2022-01-21 05:33:58'),(225,'2022-01-21 05:33:58','2022-01-21 05:33:58'),(226,'2022-01-21 05:33:58','2022-01-21 05:33:58'),(227,'2022-01-21 05:33:58','2022-01-21 05:33:58'),(228,'2022-01-21 05:33:58','2022-01-21 05:33:58'),(229,'2022-01-21 05:33:58','2022-01-21 05:33:58'),(230,'2022-01-21 05:33:58','2022-01-21 05:33:58'),(231,'2022-01-21 05:33:58','2022-01-21 05:33:58'),(232,'2022-01-21 05:33:58','2022-01-21 05:33:58'),(233,'2022-01-21 05:33:58','2022-01-21 05:33:58'),(234,'2022-01-21 05:33:58','2022-01-21 05:33:58'),(235,'2022-01-21 05:33:58','2022-01-21 05:33:58'),(236,'2022-01-21 05:33:58','2022-01-21 05:33:58'),(237,'2022-01-21 05:33:58','2022-01-21 05:33:58'),(238,'2022-01-21 05:33:58','2022-01-21 05:33:58'),(239,'2022-01-21 05:33:58','2022-01-21 05:33:58'),(240,'2022-01-21 05:33:58','2022-01-21 05:33:58'),(241,'2022-01-21 05:33:58','2022-01-21 05:33:58'),(242,'2022-01-21 05:33:58','2022-01-21 05:33:58'),(243,'2022-01-21 05:33:58','2022-01-21 05:33:58'),(244,'2022-01-21 05:33:58','2022-01-21 05:33:58'),(245,'2022-01-21 05:33:58','2022-01-21 05:33:58'),(246,'2022-01-21 05:33:58','2022-01-21 05:33:58'),(247,'2022-01-21 05:33:58','2022-01-21 05:33:58'),(248,'2022-01-21 05:33:58','2022-01-21 05:33:58'),(249,'2022-01-21 05:33:58','2022-01-21 05:33:58'),(250,'2022-01-21 05:33:58','2022-01-21 05:33:58'),(251,'2022-01-21 05:33:58','2022-01-21 05:33:58'),(252,'2022-01-21 05:33:58','2022-01-21 05:33:58'),(253,'2022-01-21 05:33:58','2022-01-21 05:33:58'),(254,'2022-01-21 05:33:58','2022-01-21 05:33:58'),(255,'2022-01-21 05:33:58','2022-01-21 05:33:58'),(256,'2022-01-21 05:33:58','2022-01-21 05:33:58'),(257,'2022-01-21 05:33:58','2022-01-21 05:33:58'),(258,'2022-01-21 05:33:58','2022-01-21 05:33:58'),(259,'2022-01-21 05:33:58','2022-01-21 05:33:58'),(260,'2022-01-21 05:33:58','2022-01-21 05:33:58'),(261,'2022-01-21 05:33:58','2022-01-21 05:33:58'),(262,'2022-01-21 05:33:58','2022-01-21 05:33:58'),(263,'2022-01-21 05:33:58','2022-01-21 05:33:58'),(264,'2022-01-21 05:33:58','2022-01-21 05:33:58'),(265,'2022-01-21 05:33:58','2022-01-21 05:33:58'),(266,'2022-01-21 05:33:58','2022-01-21 05:33:58'),(267,'2022-01-21 05:33:58','2022-01-21 05:33:58'),(268,'2022-01-21 05:33:58','2022-01-21 05:33:58'),(269,'2022-01-21 05:33:58','2022-01-21 05:33:58'),(270,'2022-01-21 05:33:58','2022-01-21 05:33:58'),(271,'2022-01-21 05:33:58','2022-01-21 05:33:58'),(272,'2022-01-21 05:33:58','2022-01-21 05:33:58'),(273,'2022-01-21 05:33:58','2022-01-21 05:33:58'),(274,'2022-01-21 05:33:58','2022-01-21 05:33:58'),(275,'2022-01-21 05:33:58','2022-01-21 05:33:58'),(276,'2022-01-21 05:33:58','2022-01-21 05:33:58'),(277,'2022-01-21 05:33:58','2022-01-21 05:33:58'),(278,'2022-01-21 05:33:58','2022-01-21 05:33:58'),(279,'2022-01-21 05:33:58','2022-01-21 05:33:58'),(280,'2022-01-21 05:33:58','2022-01-21 05:33:58'),(281,'2022-01-21 05:33:58','2022-01-21 05:33:58'),(282,'2022-01-21 05:33:58','2022-01-21 05:33:58'),(283,'2022-01-21 05:33:58','2022-01-21 05:33:58'),(284,'2022-01-21 05:33:58','2022-01-21 05:33:58'),(285,'2022-01-21 05:33:58','2022-01-21 05:33:58'),(286,'2022-01-21 05:33:58','2022-01-21 05:33:58'),(287,'2022-01-21 05:33:58','2022-01-21 05:33:58'),(288,'2022-01-21 05:33:58','2022-01-21 05:33:58'),(289,'2022-01-21 05:33:58','2022-01-21 05:33:58'),(290,'2022-01-21 05:33:58','2022-01-21 05:33:58'),(291,'2022-01-21 05:33:58','2022-01-21 05:33:58'),(292,'2022-01-21 05:33:58','2022-01-21 05:33:58'),(293,'2022-01-21 05:33:58','2022-01-21 05:33:58'),(294,'2022-01-21 05:33:58','2022-01-21 05:33:58'),(295,'2022-01-21 05:33:58','2022-01-21 05:33:58'),(296,'2022-01-21 05:33:58','2022-01-21 05:33:58'),(297,'2022-01-21 05:33:58','2022-01-21 05:33:58'),(298,'2022-01-21 05:33:58','2022-01-21 05:33:58'),(299,'2022-01-21 05:33:58','2022-01-21 05:33:58'),(300,'2022-01-21 05:33:58','2022-01-21 05:33:58'),(301,'2022-01-21 05:33:58','2022-01-21 05:33:58'),(302,'2022-01-21 05:33:58','2022-01-21 05:33:58'),(303,'2022-01-21 05:33:58','2022-01-21 05:33:58'),(304,'2022-01-21 05:33:58','2022-01-21 05:33:58'),(305,'2022-01-21 05:33:58','2022-01-21 05:33:58'),(306,'2022-01-21 05:33:58','2022-01-21 05:33:58'),(307,'2022-01-21 05:33:58','2022-01-21 05:33:58'),(308,'2022-01-21 05:33:58','2022-01-21 05:33:58'),(309,'2022-01-21 05:33:58','2022-01-21 05:33:58'),(310,'2022-01-21 05:33:58','2022-01-21 05:33:58'),(311,'2022-01-21 05:33:58','2022-01-21 05:33:58'),(312,'2022-01-21 05:33:58','2022-01-21 05:33:58'),(313,'2022-01-21 05:33:58','2022-01-21 05:33:58'),(314,'2022-01-21 05:33:58','2022-01-21 05:33:58'),(315,'2022-01-21 05:33:58','2022-01-21 05:33:58'),(316,'2022-01-21 05:33:58','2022-01-21 05:33:58'),(317,'2022-01-21 05:33:58','2022-01-21 05:33:58'),(318,'2022-01-21 05:33:59','2022-01-21 05:33:59'),(319,'2022-01-21 05:33:59','2022-01-21 05:33:59'),(320,'2022-01-21 05:33:59','2022-01-21 05:33:59'),(321,'2022-01-21 05:33:59','2022-01-21 05:33:59'),(322,'2022-01-21 05:33:59','2022-01-21 05:33:59'),(323,'2022-01-21 05:33:59','2022-01-21 05:33:59'),(324,'2022-01-21 05:33:59','2022-01-21 05:33:59'),(325,'2022-01-21 05:33:59','2022-01-21 05:33:59'),(326,'2022-01-21 05:33:59','2022-01-21 05:33:59'),(327,'2022-01-21 05:33:59','2022-01-21 05:33:59'),(328,'2022-01-21 05:33:59','2022-01-21 05:33:59'),(329,'2022-01-21 05:33:59','2022-01-21 05:33:59'),(330,'2022-01-21 05:33:59','2022-01-21 05:33:59'),(331,'2022-01-21 05:33:59','2022-01-21 05:33:59'),(332,'2022-01-21 05:33:59','2022-01-21 05:33:59'),(333,'2022-01-21 05:33:59','2022-01-21 05:33:59'),(334,'2022-01-21 05:33:59','2022-01-21 05:33:59'),(335,'2022-01-21 05:33:59','2022-01-21 05:33:59'),(336,'2022-01-21 05:33:59','2022-01-21 05:33:59'),(337,'2022-01-21 05:33:59','2022-01-21 05:33:59'),(338,'2022-01-21 05:33:59','2022-01-21 05:33:59'),(339,'2022-01-21 05:33:59','2022-01-21 05:33:59'),(340,'2022-01-21 05:33:59','2022-01-21 05:33:59'),(341,'2022-01-21 05:33:59','2022-01-21 05:33:59'),(342,'2022-01-21 05:33:59','2022-01-21 05:33:59'),(343,'2022-01-21 05:33:59','2022-01-21 05:33:59'),(344,'2022-01-21 05:33:59','2022-01-21 05:33:59'),(345,'2022-01-21 05:33:59','2022-01-21 05:33:59'),(346,'2022-01-21 05:33:59','2022-01-21 05:33:59'),(347,'2022-01-21 05:33:59','2022-01-21 05:33:59'),(348,'2022-01-21 05:33:59','2022-01-21 05:33:59'),(349,'2022-01-21 05:33:59','2022-01-21 05:33:59'),(350,'2022-01-21 05:33:59','2022-01-21 05:33:59'),(351,'2022-01-21 05:33:59','2022-01-21 05:33:59'),(352,'2022-01-21 05:33:59','2022-01-21 05:33:59'),(353,'2022-01-21 05:33:59','2022-01-21 05:33:59'),(354,'2022-01-21 05:33:59','2022-01-21 05:33:59'),(355,'2022-01-21 05:33:59','2022-01-21 05:33:59'),(356,'2022-01-21 05:33:59','2022-01-21 05:33:59'),(357,'2022-01-21 05:33:59','2022-01-21 05:33:59'),(358,'2022-01-21 05:33:59','2022-01-21 05:33:59'),(359,'2022-01-21 05:33:59','2022-01-21 05:33:59'),(360,'2022-01-21 05:33:59','2022-01-21 05:33:59'),(361,'2022-01-21 05:33:59','2022-01-21 05:33:59'),(362,'2022-01-21 05:33:59','2022-01-21 05:33:59'),(363,'2022-01-21 05:33:59','2022-01-21 05:33:59'),(364,'2022-01-21 05:33:59','2022-01-21 05:33:59'),(365,'2022-01-21 05:33:59','2022-01-21 05:33:59'),(366,'2022-01-21 05:33:59','2022-01-21 05:33:59'),(367,'2022-01-21 05:33:59','2022-01-21 05:33:59'),(368,'2022-01-21 05:33:59','2022-01-21 05:33:59'),(369,'2022-01-21 05:33:59','2022-01-21 05:33:59'),(370,'2022-01-21 05:33:59','2022-01-21 05:33:59'),(371,'2022-01-21 05:33:59','2022-01-21 05:33:59'),(372,'2022-01-21 05:33:59','2022-01-21 05:33:59'),(373,'2022-01-21 05:33:59','2022-01-21 05:33:59'),(374,'2022-01-21 05:33:59','2022-01-21 05:33:59'),(375,'2022-01-21 05:33:59','2022-01-21 05:33:59'),(376,'2022-01-21 05:33:59','2022-01-21 05:33:59'),(377,'2022-01-21 05:33:59','2022-01-21 05:33:59'),(378,'2022-01-21 05:33:59','2022-01-21 05:33:59'),(379,'2022-01-21 05:33:59','2022-01-21 05:33:59'),(380,'2022-01-21 05:33:59','2022-01-21 05:33:59'),(381,'2022-01-21 05:33:59','2022-01-21 05:33:59'),(382,'2022-01-21 05:33:59','2022-01-21 05:33:59'),(383,'2022-01-21 05:33:59','2022-01-21 05:33:59'),(384,'2022-01-21 05:33:59','2022-01-21 05:33:59'),(385,'2022-01-21 05:33:59','2022-01-21 05:33:59'),(386,'2022-01-21 05:33:59','2022-01-21 05:33:59'),(387,'2022-01-21 05:33:59','2022-01-21 05:33:59'),(388,'2022-01-21 05:33:59','2022-01-21 05:33:59'),(389,'2022-01-21 05:33:59','2022-01-21 05:33:59'),(390,'2022-01-21 05:33:59','2022-01-21 05:33:59'),(391,'2022-01-21 05:33:59','2022-01-21 05:33:59'),(392,'2022-01-21 05:33:59','2022-01-21 05:33:59'),(393,'2022-01-21 05:33:59','2022-01-21 05:33:59'),(394,'2022-01-21 05:33:59','2022-01-21 05:33:59'),(395,'2022-01-21 05:33:59','2022-01-21 05:33:59'),(396,'2022-01-21 05:33:59','2022-01-21 05:33:59'),(397,'2022-01-21 05:33:59','2022-01-21 05:33:59'),(398,'2022-01-21 05:33:59','2022-01-21 05:33:59'),(399,'2022-01-21 05:33:59','2022-01-21 05:33:59'),(400,'2022-01-21 05:33:59','2022-01-21 05:33:59'),(401,'2022-01-21 05:33:59','2022-01-21 05:33:59'),(402,'2022-01-21 05:33:59','2022-01-21 05:33:59'),(403,'2022-01-21 05:33:59','2022-01-21 05:33:59'),(404,'2022-01-21 05:33:59','2022-01-21 05:33:59'),(405,'2022-01-21 05:33:59','2022-01-21 05:33:59'),(406,'2022-01-21 05:33:59','2022-01-21 05:33:59'),(407,'2022-01-21 05:33:59','2022-01-21 05:33:59'),(408,'2022-01-21 05:33:59','2022-01-21 05:33:59'),(409,'2022-01-21 05:33:59','2022-01-21 05:33:59'),(410,'2022-01-21 05:33:59','2022-01-21 05:33:59'),(411,'2022-01-21 05:33:59','2022-01-21 05:33:59'),(412,'2022-01-21 05:33:59','2022-01-21 05:33:59'),(413,'2022-01-21 05:33:59','2022-01-21 05:33:59'),(414,'2022-01-21 05:33:59','2022-01-21 05:33:59'),(415,'2022-01-21 05:33:59','2022-01-21 05:33:59'),(416,'2022-01-21 05:33:59','2022-01-21 05:33:59'),(417,'2022-01-21 05:33:59','2022-01-21 05:33:59'),(418,'2022-01-21 05:33:59','2022-01-21 05:33:59'),(419,'2022-01-21 05:33:59','2022-01-21 05:33:59'),(420,'2022-01-21 05:33:59','2022-01-21 05:33:59'),(421,'2022-01-21 05:33:59','2022-01-21 05:33:59'),(422,'2022-01-21 05:33:59','2022-01-21 05:33:59'),(423,'2022-01-21 05:33:59','2022-01-21 05:33:59'),(424,'2022-01-21 05:33:59','2022-01-21 05:33:59'),(425,'2022-01-21 05:33:59','2022-01-21 05:33:59'),(426,'2022-01-21 05:33:59','2022-01-21 05:33:59'),(427,'2022-01-21 05:33:59','2022-01-21 05:33:59'),(428,'2022-01-21 05:33:59','2022-01-21 05:33:59'),(429,'2022-01-21 05:33:59','2022-01-21 05:33:59'),(430,'2022-01-21 05:33:59','2022-01-21 05:33:59'),(431,'2022-01-21 05:33:59','2022-01-21 05:33:59'),(432,'2022-01-21 05:33:59','2022-01-21 05:33:59'),(433,'2022-01-21 05:33:59','2022-01-21 05:33:59'),(434,'2022-01-21 05:33:59','2022-01-21 05:33:59'),(435,'2022-01-21 05:33:59','2022-01-21 05:33:59'),(436,'2022-01-21 05:33:59','2022-01-21 05:33:59'),(437,'2022-01-21 05:33:59','2022-01-21 05:33:59'),(438,'2022-01-21 05:33:59','2022-01-21 05:33:59'),(439,'2022-01-21 05:33:59','2022-01-21 05:33:59'),(440,'2022-01-21 05:33:59','2022-01-21 05:33:59'),(441,'2022-01-21 05:33:59','2022-01-21 05:33:59'),(442,'2022-01-21 05:33:59','2022-01-21 05:33:59'),(443,'2022-01-21 05:33:59','2022-01-21 05:33:59'),(444,'2022-01-21 05:33:59','2022-01-21 05:33:59'),(445,'2022-01-21 05:33:59','2022-01-21 05:33:59'),(446,'2022-01-21 05:33:59','2022-01-21 05:33:59'),(447,'2022-01-21 05:33:59','2022-01-21 05:33:59'),(448,'2022-01-21 05:33:59','2022-01-21 05:33:59'),(449,'2022-01-21 05:33:59','2022-01-21 05:33:59'),(450,'2022-01-21 05:33:59','2022-01-21 05:33:59'),(451,'2022-01-21 05:33:59','2022-01-21 05:33:59'),(452,'2022-01-21 05:33:59','2022-01-21 05:33:59'),(453,'2022-01-21 05:33:59','2022-01-21 05:33:59'),(454,'2022-01-21 05:33:59','2022-01-21 05:33:59'),(455,'2022-01-21 05:33:59','2022-01-21 05:33:59'),(456,'2022-01-21 05:33:59','2022-01-21 05:33:59'),(457,'2022-01-21 05:33:59','2022-01-21 05:33:59'),(458,'2022-01-21 05:33:59','2022-01-21 05:33:59'),(459,'2022-01-21 05:33:59','2022-01-21 05:33:59'),(460,'2022-01-21 05:33:59','2022-01-21 05:33:59'),(461,'2022-01-21 05:33:59','2022-01-21 05:33:59'),(462,'2022-01-21 05:33:59','2022-01-21 05:33:59'),(463,'2022-01-21 05:33:59','2022-01-21 05:33:59'),(464,'2022-01-21 05:33:59','2022-01-21 05:33:59'),(465,'2022-01-21 05:33:59','2022-01-21 05:33:59'),(466,'2022-01-21 05:33:59','2022-01-21 05:33:59'),(467,'2022-01-21 05:33:59','2022-01-21 05:33:59'),(468,'2022-01-21 05:33:59','2022-01-21 05:33:59'),(469,'2022-01-21 05:33:59','2022-01-21 05:33:59'),(470,'2022-01-21 05:33:59','2022-01-21 05:33:59'),(471,'2022-01-21 05:33:59','2022-01-21 05:33:59'),(472,'2022-01-21 05:33:59','2022-01-21 05:33:59'),(473,'2022-01-21 05:33:59','2022-01-21 05:33:59'),(474,'2022-01-21 05:33:59','2022-01-21 05:33:59'),(475,'2022-01-21 05:33:59','2022-01-21 05:33:59'),(476,'2022-01-21 05:33:59','2022-01-21 05:33:59'),(477,'2022-01-21 05:33:59','2022-01-21 05:33:59'),(478,'2022-01-21 05:33:59','2022-01-21 05:33:59'),(479,'2022-01-21 05:33:59','2022-01-21 05:33:59'),(480,'2022-01-21 05:33:59','2022-01-21 05:33:59'),(481,'2022-01-21 05:33:59','2022-01-21 05:33:59'),(482,'2022-01-21 05:33:59','2022-01-21 05:33:59'),(483,'2022-01-21 05:33:59','2022-01-21 05:33:59'),(484,'2022-01-21 05:33:59','2022-01-21 05:33:59'),(485,'2022-01-21 05:33:59','2022-01-21 05:33:59'),(486,'2022-01-21 05:33:59','2022-01-21 05:33:59'),(487,'2022-01-21 05:33:59','2022-01-21 05:33:59'),(488,'2022-01-21 05:33:59','2022-01-21 05:33:59'),(489,'2022-01-21 05:33:59','2022-01-21 05:33:59'),(490,'2022-01-21 05:33:59','2022-01-21 05:33:59'),(491,'2022-01-21 05:33:59','2022-01-21 05:33:59'),(492,'2022-01-21 05:33:59','2022-01-21 05:33:59'),(493,'2022-01-21 05:33:59','2022-01-21 05:33:59'),(494,'2022-01-21 05:33:59','2022-01-21 05:33:59'),(495,'2022-01-21 05:33:59','2022-01-21 05:33:59'),(496,'2022-01-21 05:33:59','2022-01-21 05:33:59'),(497,'2022-01-21 05:33:59','2022-01-21 05:33:59'),(498,'2022-01-21 05:33:59','2022-01-21 05:33:59'),(499,'2022-01-21 05:33:59','2022-01-21 05:33:59'),(500,'2022-01-21 05:33:59','2022-01-21 05:33:59'),(501,'2022-01-21 05:33:59','2022-01-21 05:33:59'),(502,'2022-01-21 05:33:59','2022-01-21 05:33:59'),(503,'2022-01-21 05:33:59','2022-01-21 05:33:59'),(504,'2022-01-21 05:33:59','2022-01-21 05:33:59'),(505,'2022-01-21 05:33:59','2022-01-21 05:33:59'),(506,'2022-01-21 05:33:59','2022-01-21 05:33:59'),(507,'2022-01-21 05:33:59','2022-01-21 05:33:59'),(508,'2022-01-21 05:33:59','2022-01-21 05:33:59'),(509,'2022-01-21 05:33:59','2022-01-21 05:33:59'),(510,'2022-01-21 05:33:59','2022-01-21 05:33:59'),(511,'2022-01-21 05:33:59','2022-01-21 05:33:59'),(512,'2022-01-21 05:33:59','2022-01-21 05:33:59'),(513,'2022-01-21 05:33:59','2022-01-21 05:33:59'),(514,'2022-01-21 05:33:59','2022-01-21 05:33:59'),(515,'2022-01-21 05:33:59','2022-01-21 05:33:59'),(516,'2022-01-21 05:33:59','2022-01-21 05:33:59'),(517,'2022-01-21 05:33:59','2022-01-21 05:33:59'),(518,'2022-01-21 05:33:59','2022-01-21 05:33:59'),(519,'2022-01-21 05:33:59','2022-01-21 05:33:59'),(520,'2022-01-21 05:33:59','2022-01-21 05:33:59'),(521,'2022-01-21 05:33:59','2022-01-21 05:33:59'),(522,'2022-01-21 05:33:59','2022-01-21 05:33:59'),(523,'2022-01-21 05:33:59','2022-01-21 05:33:59'),(524,'2022-01-21 05:33:59','2022-01-21 05:33:59'),(525,'2022-01-21 05:33:59','2022-01-21 05:33:59'),(526,'2022-01-21 05:33:59','2022-01-21 05:33:59'),(527,'2022-01-21 05:33:59','2022-01-21 05:33:59'),(528,'2022-01-21 05:33:59','2022-01-21 05:33:59'),(529,'2022-01-21 05:33:59','2022-01-21 05:33:59'),(530,'2022-01-21 05:33:59','2022-01-21 05:33:59'),(531,'2022-01-21 05:33:59','2022-01-21 05:33:59'),(532,'2022-01-21 05:33:59','2022-01-21 05:33:59'),(533,'2022-01-21 05:33:59','2022-01-21 05:33:59'),(534,'2022-01-21 05:33:59','2022-01-21 05:33:59'),(535,'2022-01-21 05:33:59','2022-01-21 05:33:59'),(536,'2022-01-21 05:33:59','2022-01-21 05:33:59'),(537,'2022-01-21 05:33:59','2022-01-21 05:33:59'),(538,'2022-01-21 05:33:59','2022-01-21 05:33:59'),(539,'2022-01-21 05:33:59','2022-01-21 05:33:59'),(540,'2022-01-21 05:33:59','2022-01-21 05:33:59'),(541,'2022-01-21 05:33:59','2022-01-21 05:33:59'),(542,'2022-01-21 05:33:59','2022-01-21 05:33:59'),(543,'2022-01-21 05:33:59','2022-01-21 05:33:59'),(544,'2022-01-21 05:33:59','2022-01-21 05:33:59'),(545,'2022-01-21 05:33:59','2022-01-21 05:33:59'),(546,'2022-01-21 05:33:59','2022-01-21 05:33:59'),(547,'2022-01-21 05:33:59','2022-01-21 05:33:59'),(548,'2022-01-21 05:33:59','2022-01-21 05:33:59'),(549,'2022-01-21 05:33:59','2022-01-21 05:33:59'),(550,'2022-01-21 05:33:59','2022-01-21 05:33:59'),(551,'2022-01-21 05:33:59','2022-01-21 05:33:59'),(552,'2022-01-21 05:33:59','2022-01-21 05:33:59'),(553,'2022-01-21 05:33:59','2022-01-21 05:33:59'),(554,'2022-01-21 05:33:59','2022-01-21 05:33:59'),(555,'2022-01-21 05:33:59','2022-01-21 05:33:59'),(556,'2022-01-21 05:33:59','2022-01-21 05:33:59'),(557,'2022-01-21 05:33:59','2022-01-21 05:33:59'),(558,'2022-01-21 05:33:59','2022-01-21 05:33:59'),(559,'2022-01-21 05:33:59','2022-01-21 05:33:59'),(560,'2022-01-21 05:33:59','2022-01-21 05:33:59'),(561,'2022-01-21 05:33:59','2022-01-21 05:33:59'),(562,'2022-01-21 05:33:59','2022-01-21 05:33:59'),(563,'2022-01-21 05:33:59','2022-01-21 05:33:59'),(564,'2022-01-21 05:33:59','2022-01-21 05:33:59'),(565,'2022-01-21 05:33:59','2022-01-21 05:33:59'),(566,'2022-01-21 05:33:59','2022-01-21 05:33:59'),(567,'2022-01-21 05:33:59','2022-01-21 05:33:59'),(568,'2022-01-21 05:33:59','2022-01-21 05:33:59'),(569,'2022-01-21 05:33:59','2022-01-21 05:33:59'),(570,'2022-01-21 05:33:59','2022-01-21 05:33:59'),(571,'2022-01-21 05:33:59','2022-01-21 05:33:59'),(572,'2022-01-21 05:33:59','2022-01-21 05:33:59'),(573,'2022-01-21 05:33:59','2022-01-21 05:33:59'),(574,'2022-01-21 05:33:59','2022-01-21 05:33:59'),(575,'2022-01-21 05:33:59','2022-01-21 05:33:59'),(576,'2022-01-21 05:33:59','2022-01-21 05:33:59'),(577,'2022-01-21 05:33:59','2022-01-21 05:33:59'),(578,'2022-01-21 05:33:59','2022-01-21 05:33:59'),(579,'2022-01-21 05:33:59','2022-01-21 05:33:59'),(580,'2022-01-21 05:33:59','2022-01-21 05:33:59'),(581,'2022-01-21 05:33:59','2022-01-21 05:33:59'),(582,'2022-01-21 05:33:59','2022-01-21 05:33:59'),(583,'2022-01-21 05:33:59','2022-01-21 05:33:59'),(584,'2022-01-21 05:33:59','2022-01-21 05:33:59'),(585,'2022-01-21 05:33:59','2022-01-21 05:33:59'),(586,'2022-01-21 05:33:59','2022-01-21 05:33:59'),(587,'2022-01-21 05:33:59','2022-01-21 05:33:59'),(588,'2022-01-21 05:33:59','2022-01-21 05:33:59'),(589,'2022-01-21 05:33:59','2022-01-21 05:33:59'),(590,'2022-01-21 05:33:59','2022-01-21 05:33:59'),(591,'2022-01-21 05:33:59','2022-01-21 05:33:59'),(592,'2022-01-21 05:33:59','2022-01-21 05:33:59'),(593,'2022-01-21 05:33:59','2022-01-21 05:33:59'),(594,'2022-01-21 05:33:59','2022-01-21 05:33:59'),(595,'2022-01-21 05:33:59','2022-01-21 05:33:59'),(596,'2022-01-21 05:33:59','2022-01-21 05:33:59'),(597,'2022-01-21 05:33:59','2022-01-21 05:33:59'),(598,'2022-01-21 05:33:59','2022-01-21 05:33:59'),(599,'2022-01-21 05:33:59','2022-01-21 05:33:59'),(600,'2022-01-21 05:33:59','2022-01-21 05:33:59'),(601,'2022-01-21 05:33:59','2022-01-21 05:33:59'),(602,'2022-01-21 05:33:59','2022-01-21 05:33:59'),(603,'2022-01-21 05:33:59','2022-01-21 05:33:59'),(604,'2022-01-21 05:33:59','2022-01-21 05:33:59'),(605,'2022-01-21 05:33:59','2022-01-21 05:33:59'),(606,'2022-01-21 05:33:59','2022-01-21 05:33:59'),(607,'2022-01-21 05:33:59','2022-01-21 05:33:59'),(608,'2022-01-21 05:33:59','2022-01-21 05:33:59'),(609,'2022-01-21 05:33:59','2022-01-21 05:33:59'),(610,'2022-01-21 05:33:59','2022-01-21 05:33:59'),(611,'2022-01-21 05:33:59','2022-01-21 05:33:59'),(612,'2022-01-21 05:33:59','2022-01-21 05:33:59'),(613,'2022-01-21 05:33:59','2022-01-21 05:33:59'),(614,'2022-01-21 05:33:59','2022-01-21 05:33:59'),(615,'2022-01-21 05:33:59','2022-01-21 05:33:59'),(616,'2022-01-21 05:33:59','2022-01-21 05:33:59'),(617,'2022-01-21 05:33:59','2022-01-21 05:33:59'),(618,'2022-01-21 05:33:59','2022-01-21 05:33:59'),(619,'2022-01-21 05:33:59','2022-01-21 05:33:59'),(620,'2022-01-21 05:33:59','2022-01-21 05:33:59'),(621,'2022-01-21 05:33:59','2022-01-21 05:33:59'),(622,'2022-01-21 05:33:59','2022-01-21 05:33:59'),(623,'2022-01-21 05:33:59','2022-01-21 05:33:59'),(624,'2022-01-21 05:33:59','2022-01-21 05:33:59'),(625,'2022-01-21 05:33:59','2022-01-21 05:33:59'),(626,'2022-01-21 05:33:59','2022-01-21 05:33:59'),(627,'2022-01-21 05:33:59','2022-01-21 05:33:59'),(628,'2022-01-21 05:33:59','2022-01-21 05:33:59'),(629,'2022-01-21 05:33:59','2022-01-21 05:33:59'),(630,'2022-01-21 05:33:59','2022-01-21 05:33:59'),(631,'2022-01-21 05:33:59','2022-01-21 05:33:59'),(632,'2022-01-21 05:33:59','2022-01-21 05:33:59'),(633,'2022-01-21 05:33:59','2022-01-21 05:33:59'),(634,'2022-01-21 05:33:59','2022-01-21 05:33:59'),(635,'2022-01-21 05:33:59','2022-01-21 05:33:59'),(636,'2022-01-21 05:33:59','2022-01-21 05:33:59'),(637,'2022-01-21 05:33:59','2022-01-21 05:33:59'),(638,'2022-01-21 05:33:59','2022-01-21 05:33:59'),(639,'2022-01-21 05:33:59','2022-01-21 05:33:59'),(640,'2022-01-21 05:33:59','2022-01-21 05:33:59'),(641,'2022-01-21 05:33:59','2022-01-21 05:33:59'),(642,'2022-01-21 05:33:59','2022-01-21 05:33:59'),(643,'2022-01-21 05:33:59','2022-01-21 05:33:59'),(644,'2022-01-21 05:33:59','2022-01-21 05:33:59'),(645,'2022-01-21 05:33:59','2022-01-21 05:33:59'),(646,'2022-01-21 05:33:59','2022-01-21 05:33:59'),(647,'2022-01-21 05:33:59','2022-01-21 05:33:59'),(648,'2022-01-21 05:33:59','2022-01-21 05:33:59'),(649,'2022-01-21 05:33:59','2022-01-21 05:33:59'),(650,'2022-01-21 05:33:59','2022-01-21 05:33:59'),(651,'2022-01-21 05:33:59','2022-01-21 05:33:59'),(652,'2022-01-21 05:33:59','2022-01-21 05:33:59'),(653,'2022-01-21 05:33:59','2022-01-21 05:33:59'),(654,'2022-01-21 05:33:59','2022-01-21 05:33:59'),(655,'2022-01-21 05:33:59','2022-01-21 05:33:59'),(656,'2022-01-21 05:33:59','2022-01-21 05:33:59'),(657,'2022-01-21 05:33:59','2022-01-21 05:33:59'),(658,'2022-01-21 05:33:59','2022-01-21 05:33:59'),(659,'2022-01-21 05:33:59','2022-01-21 05:33:59'),(660,'2022-01-21 05:33:59','2022-01-21 05:33:59'),(661,'2022-01-21 05:33:59','2022-01-21 05:33:59'),(662,'2022-01-21 05:33:59','2022-01-21 05:33:59'),(663,'2022-01-21 05:33:59','2022-01-21 05:33:59'),(664,'2022-01-21 05:33:59','2022-01-21 05:33:59'),(665,'2022-01-21 05:33:59','2022-01-21 05:33:59'),(666,'2022-01-21 05:33:59','2022-01-21 05:33:59'),(667,'2022-01-21 05:33:59','2022-01-21 05:33:59'),(668,'2022-01-21 05:33:59','2022-01-21 05:33:59'),(669,'2022-01-21 05:33:59','2022-01-21 05:33:59'),(670,'2022-01-21 05:33:59','2022-01-21 05:33:59'),(671,'2022-01-21 05:33:59','2022-01-21 05:33:59'),(672,'2022-01-21 05:33:59','2022-01-21 05:33:59'),(673,'2022-01-21 05:33:59','2022-01-21 05:33:59'),(674,'2022-01-21 05:33:59','2022-01-21 05:33:59'),(675,'2022-01-21 05:33:59','2022-01-21 05:33:59'),(676,'2022-01-21 05:33:59','2022-01-21 05:33:59'),(677,'2022-01-21 05:33:59','2022-01-21 05:33:59'),(678,'2022-01-21 05:33:59','2022-01-21 05:33:59'),(679,'2022-01-21 05:33:59','2022-01-21 05:33:59'),(680,'2022-01-21 05:33:59','2022-01-21 05:33:59'),(681,'2022-01-21 05:33:59','2022-01-21 05:33:59'),(682,'2022-01-21 05:33:59','2022-01-21 05:33:59'),(683,'2022-01-21 05:33:59','2022-01-21 05:33:59'),(684,'2022-01-21 05:33:59','2022-01-21 05:33:59'),(685,'2022-01-21 05:33:59','2022-01-21 05:33:59'),(686,'2022-01-21 05:33:59','2022-01-21 05:33:59'),(687,'2022-01-21 05:33:59','2022-01-21 05:33:59'),(688,'2022-01-21 05:33:59','2022-01-21 05:33:59'),(689,'2022-01-21 05:33:59','2022-01-21 05:33:59'),(690,'2022-01-21 05:33:59','2022-01-21 05:33:59'),(691,'2022-01-21 05:33:59','2022-01-21 05:33:59'),(692,'2022-01-21 05:33:59','2022-01-21 05:33:59'),(693,'2022-01-21 05:33:59','2022-01-21 05:33:59'),(694,'2022-01-21 05:33:59','2022-01-21 05:33:59'),(695,'2022-01-21 05:33:59','2022-01-21 05:33:59'),(696,'2022-01-21 05:33:59','2022-01-21 05:33:59'),(697,'2022-01-21 05:33:59','2022-01-21 05:33:59'),(698,'2022-01-21 05:33:59','2022-01-21 05:33:59'),(699,'2022-01-21 05:33:59','2022-01-21 05:33:59'),(700,'2022-01-21 05:33:59','2022-01-21 05:33:59'),(701,'2022-01-21 05:33:59','2022-01-21 05:33:59'),(702,'2022-01-21 05:33:59','2022-01-21 05:33:59'),(703,'2022-01-21 05:33:59','2022-01-21 05:33:59'),(704,'2022-01-21 05:33:59','2022-01-21 05:33:59'),(705,'2022-01-21 05:33:59','2022-01-21 05:33:59'),(706,'2022-01-21 05:33:59','2022-01-21 05:33:59'),(707,'2022-01-21 05:33:59','2022-01-21 05:33:59'),(708,'2022-01-21 05:33:59','2022-01-21 05:33:59'),(709,'2022-01-21 05:33:59','2022-01-21 05:33:59'),(710,'2022-01-21 05:33:59','2022-01-21 05:33:59'),(711,'2022-01-21 05:33:59','2022-01-21 05:33:59'),(712,'2022-01-21 05:33:59','2022-01-21 05:33:59'),(713,'2022-01-21 05:33:59','2022-01-21 05:33:59'),(714,'2022-01-21 05:33:59','2022-01-21 05:33:59'),(715,'2022-01-21 05:33:59','2022-01-21 05:33:59'),(716,'2022-01-21 05:33:59','2022-01-21 05:33:59'),(717,'2022-01-21 05:33:59','2022-01-21 05:33:59'),(718,'2022-01-21 05:33:59','2022-01-21 05:33:59'),(719,'2022-01-21 05:33:59','2022-01-21 05:33:59'),(720,'2022-01-21 05:33:59','2022-01-21 05:33:59'),(721,'2022-01-21 05:33:59','2022-01-21 05:33:59'),(722,'2022-01-21 05:33:59','2022-01-21 05:33:59'),(723,'2022-01-21 05:33:59','2022-01-21 05:33:59'),(724,'2022-01-21 05:33:59','2022-01-21 05:33:59'),(725,'2022-01-21 05:33:59','2022-01-21 05:33:59'),(726,'2022-01-21 05:33:59','2022-01-21 05:33:59'),(727,'2022-01-21 05:33:59','2022-01-21 05:33:59'),(728,'2022-01-21 05:33:59','2022-01-21 05:33:59'),(729,'2022-01-21 05:33:59','2022-01-21 05:33:59'),(730,'2022-01-21 05:33:59','2022-01-21 05:33:59'),(731,'2022-01-21 05:33:59','2022-01-21 05:33:59'),(732,'2022-01-21 05:33:59','2022-01-21 05:33:59'),(733,'2022-01-21 05:33:59','2022-01-21 05:33:59'),(734,'2022-01-21 05:33:59','2022-01-21 05:33:59'),(735,'2022-01-21 05:33:59','2022-01-21 05:33:59'),(736,'2022-01-21 05:33:59','2022-01-21 05:33:59'),(737,'2022-01-21 05:33:59','2022-01-21 05:33:59'),(738,'2022-01-21 05:33:59','2022-01-21 05:33:59'),(739,'2022-01-21 05:33:59','2022-01-21 05:33:59'),(740,'2022-01-21 05:33:59','2022-01-21 05:33:59'),(741,'2022-01-21 05:33:59','2022-01-21 05:33:59'),(742,'2022-01-21 05:33:59','2022-01-21 05:33:59'),(743,'2022-01-21 05:33:59','2022-01-21 05:33:59'),(744,'2022-01-21 05:33:59','2022-01-21 05:33:59'),(745,'2022-01-21 05:33:59','2022-01-21 05:33:59'),(746,'2022-01-21 05:33:59','2022-01-21 05:33:59'),(747,'2022-01-21 05:33:59','2022-01-21 05:33:59'),(748,'2022-01-21 05:33:59','2022-01-21 05:33:59'),(749,'2022-01-21 05:33:59','2022-01-21 05:33:59'),(750,'2022-01-21 05:33:59','2022-01-21 05:33:59'),(751,'2022-01-21 05:33:59','2022-01-21 05:33:59'),(752,'2022-01-21 05:33:59','2022-01-21 05:33:59'),(753,'2022-01-21 05:33:59','2022-01-21 05:33:59'),(754,'2022-01-21 05:33:59','2022-01-21 05:33:59'),(755,'2022-01-21 05:33:59','2022-01-21 05:33:59'),(756,'2022-01-21 05:33:59','2022-01-21 05:33:59'),(757,'2022-01-21 05:33:59','2022-01-21 05:33:59'),(758,'2022-01-21 05:33:59','2022-01-21 05:33:59'),(759,'2022-01-21 05:33:59','2022-01-21 05:33:59'),(760,'2022-01-21 05:33:59','2022-01-21 05:33:59'),(761,'2022-01-21 05:33:59','2022-01-21 05:33:59'),(762,'2022-01-21 05:33:59','2022-01-21 05:33:59'),(763,'2022-01-21 05:33:59','2022-01-21 05:33:59'),(764,'2022-01-21 05:33:59','2022-01-21 05:33:59'),(765,'2022-01-21 05:33:59','2022-01-21 05:33:59'),(766,'2022-01-21 05:33:59','2022-01-21 05:33:59'),(767,'2022-01-21 05:33:59','2022-01-21 05:33:59'),(768,'2022-01-21 05:33:59','2022-01-21 05:33:59'),(769,'2022-01-21 05:33:59','2022-01-21 05:33:59'),(770,'2022-01-21 05:33:59','2022-01-21 05:33:59'),(771,'2022-01-21 05:33:59','2022-01-21 05:33:59'),(772,'2022-01-21 05:33:59','2022-01-21 05:33:59'),(773,'2022-01-21 05:33:59','2022-01-21 05:33:59'),(774,'2022-01-21 05:33:59','2022-01-21 05:33:59'),(775,'2022-01-21 05:33:59','2022-01-21 05:33:59'),(776,'2022-01-21 05:33:59','2022-01-21 05:33:59'),(777,'2022-01-21 05:33:59','2022-01-21 05:33:59'),(778,'2022-01-21 05:33:59','2022-01-21 05:33:59'),(779,'2022-01-21 05:33:59','2022-01-21 05:33:59'),(780,'2022-01-21 05:33:59','2022-01-21 05:33:59'),(781,'2022-01-21 05:33:59','2022-01-21 05:33:59'),(782,'2022-01-21 05:33:59','2022-01-21 05:33:59'),(783,'2022-01-21 05:33:59','2022-01-21 05:33:59'),(784,'2022-01-21 05:33:59','2022-01-21 05:33:59'),(785,'2022-01-21 05:33:59','2022-01-21 05:33:59'),(786,'2022-01-21 05:33:59','2022-01-21 05:33:59'),(787,'2022-01-21 05:33:59','2022-01-21 05:33:59'),(788,'2022-01-21 05:33:59','2022-01-21 05:33:59'),(789,'2022-01-21 05:33:59','2022-01-21 05:33:59'),(790,'2022-01-21 05:33:59','2022-01-21 05:33:59'),(791,'2022-01-21 05:33:59','2022-01-21 05:33:59'),(792,'2022-01-21 05:33:59','2022-01-21 05:33:59'),(793,'2022-01-21 05:33:59','2022-01-21 05:33:59'),(794,'2022-01-21 05:33:59','2022-01-21 05:33:59'),(795,'2022-01-21 05:33:59','2022-01-21 05:33:59'),(796,'2022-01-21 05:33:59','2022-01-21 05:33:59'),(797,'2022-01-21 05:33:59','2022-01-21 05:33:59'),(798,'2022-01-21 05:33:59','2022-01-21 05:33:59'),(799,'2022-01-21 05:33:59','2022-01-21 05:33:59'),(800,'2022-01-21 05:33:59','2022-01-21 05:33:59'),(801,'2022-01-21 05:33:59','2022-01-21 05:33:59'),(802,'2022-01-21 05:33:59','2022-01-21 05:33:59'),(803,'2022-01-21 05:33:59','2022-01-21 05:33:59'),(804,'2022-01-21 05:33:59','2022-01-21 05:33:59'),(805,'2022-01-21 05:33:59','2022-01-21 05:33:59'),(806,'2022-01-21 05:33:59','2022-01-21 05:33:59'),(807,'2022-01-21 05:33:59','2022-01-21 05:33:59'),(808,'2022-01-21 05:33:59','2022-01-21 05:33:59'),(809,'2022-01-21 05:33:59','2022-01-21 05:33:59'),(810,'2022-01-21 05:33:59','2022-01-21 05:33:59'),(811,'2022-01-21 05:33:59','2022-01-21 05:33:59'),(812,'2022-01-21 05:33:59','2022-01-21 05:33:59'),(813,'2022-01-21 05:33:59','2022-01-21 05:33:59'),(814,'2022-01-21 05:33:59','2022-01-21 05:33:59'),(815,'2022-01-21 05:33:59','2022-01-21 05:33:59'),(816,'2022-01-21 05:33:59','2022-01-21 05:33:59'),(817,'2022-01-21 05:33:59','2022-01-21 05:33:59'),(818,'2022-01-21 05:33:59','2022-01-21 05:33:59'),(819,'2022-01-21 05:33:59','2022-01-21 05:33:59'),(820,'2022-01-21 05:33:59','2022-01-21 05:33:59'),(821,'2022-01-21 05:33:59','2022-01-21 05:33:59'),(822,'2022-01-21 05:33:59','2022-01-21 05:33:59'),(823,'2022-01-21 05:33:59','2022-01-21 05:33:59'),(824,'2022-01-21 05:33:59','2022-01-21 05:33:59'),(825,'2022-01-21 05:33:59','2022-01-21 05:33:59'),(826,'2022-01-21 05:33:59','2022-01-21 05:33:59'),(827,'2022-01-21 05:33:59','2022-01-21 05:33:59'),(828,'2022-01-21 05:33:59','2022-01-21 05:33:59'),(829,'2022-01-21 05:33:59','2022-01-21 05:33:59'),(830,'2022-01-21 05:33:59','2022-01-21 05:33:59'),(831,'2022-01-21 05:33:59','2022-01-21 05:33:59'),(832,'2022-01-21 05:33:59','2022-01-21 05:33:59'),(833,'2022-01-21 05:33:59','2022-01-21 05:33:59'),(834,'2022-01-21 05:33:59','2022-01-21 05:33:59'),(835,'2022-01-21 05:33:59','2022-01-21 05:33:59'),(836,'2022-01-21 05:33:59','2022-01-21 05:33:59'),(837,'2022-01-21 05:33:59','2022-01-21 05:33:59'),(838,'2022-01-21 05:33:59','2022-01-21 05:33:59'),(839,'2022-01-21 05:33:59','2022-01-21 05:33:59'),(840,'2022-01-21 05:33:59','2022-01-21 05:33:59'),(841,'2022-01-21 05:33:59','2022-01-21 05:33:59'),(842,'2022-01-21 05:33:59','2022-01-21 05:33:59'),(843,'2022-01-21 05:33:59','2022-01-21 05:33:59'),(844,'2022-01-21 05:33:59','2022-01-21 05:33:59'),(845,'2022-01-21 05:33:59','2022-01-21 05:33:59'),(846,'2022-01-21 05:33:59','2022-01-21 05:33:59'),(847,'2022-01-21 05:33:59','2022-01-21 05:33:59'),(848,'2022-01-21 05:33:59','2022-01-21 05:33:59'),(849,'2022-01-21 05:33:59','2022-01-21 05:33:59'),(850,'2022-01-21 05:33:59','2022-01-21 05:33:59'),(851,'2022-01-21 05:33:59','2022-01-21 05:33:59'),(852,'2022-01-21 05:33:59','2022-01-21 05:33:59'),(853,'2022-01-21 05:33:59','2022-01-21 05:33:59'),(854,'2022-01-21 05:33:59','2022-01-21 05:33:59'),(855,'2022-01-21 05:33:59','2022-01-21 05:33:59'),(856,'2022-01-21 05:33:59','2022-01-21 05:33:59'),(857,'2022-01-21 05:33:59','2022-01-21 05:33:59'),(858,'2022-01-21 05:33:59','2022-01-21 05:33:59'),(859,'2022-01-21 05:33:59','2022-01-21 05:33:59'),(860,'2022-01-21 05:33:59','2022-01-21 05:33:59'),(861,'2022-01-21 05:33:59','2022-01-21 05:33:59'),(862,'2022-01-21 05:33:59','2022-01-21 05:33:59'),(863,'2022-01-21 05:33:59','2022-01-21 05:33:59'),(864,'2022-01-21 05:33:59','2022-01-21 05:33:59'),(865,'2022-01-21 05:33:59','2022-01-21 05:33:59'),(866,'2022-01-21 05:33:59','2022-01-21 05:33:59'),(867,'2022-01-21 05:33:59','2022-01-21 05:33:59'),(868,'2022-01-21 05:33:59','2022-01-21 05:33:59'),(869,'2022-01-21 05:33:59','2022-01-21 05:33:59'),(870,'2022-01-21 05:33:59','2022-01-21 05:33:59'),(871,'2022-01-21 05:33:59','2022-01-21 05:33:59'),(872,'2022-01-21 05:33:59','2022-01-21 05:33:59'),(873,'2022-01-21 05:33:59','2022-01-21 05:33:59'),(874,'2022-01-21 05:33:59','2022-01-21 05:33:59'),(875,'2022-01-21 05:33:59','2022-01-21 05:33:59'),(876,'2022-01-21 05:33:59','2022-01-21 05:33:59'),(877,'2022-01-21 05:33:59','2022-01-21 05:33:59'),(878,'2022-01-21 05:33:59','2022-01-21 05:33:59'),(879,'2022-01-21 05:33:59','2022-01-21 05:33:59'),(880,'2022-01-21 05:33:59','2022-01-21 05:33:59'),(881,'2022-01-21 05:33:59','2022-01-21 05:33:59'),(882,'2022-01-21 05:33:59','2022-01-21 05:33:59'),(883,'2022-01-21 05:33:59','2022-01-21 05:33:59'),(884,'2022-01-21 05:33:59','2022-01-21 05:33:59'),(885,'2022-01-21 05:33:59','2022-01-21 05:33:59'),(886,'2022-01-21 05:33:59','2022-01-21 05:33:59'),(887,'2022-01-21 05:33:59','2022-01-21 05:33:59'),(888,'2022-01-21 05:33:59','2022-01-21 05:33:59'),(889,'2022-01-21 05:33:59','2022-01-21 05:33:59'),(890,'2022-01-21 05:33:59','2022-01-21 05:33:59'),(891,'2022-01-21 05:33:59','2022-01-21 05:33:59'),(892,'2022-01-21 05:33:59','2022-01-21 05:33:59'),(893,'2022-01-21 05:33:59','2022-01-21 05:33:59'),(894,'2022-01-21 05:33:59','2022-01-21 05:33:59'),(895,'2022-01-21 05:33:59','2022-01-21 05:33:59'),(896,'2022-01-21 05:33:59','2022-01-21 05:33:59'),(897,'2022-01-21 05:33:59','2022-01-21 05:33:59'),(898,'2022-01-21 05:33:59','2022-01-21 05:33:59'),(899,'2022-01-21 05:33:59','2022-01-21 05:33:59'),(900,'2022-01-21 05:33:59','2022-01-21 05:33:59'),(901,'2022-01-21 05:33:59','2022-01-21 05:33:59'),(902,'2022-01-21 05:33:59','2022-01-21 05:33:59'),(903,'2022-01-21 05:33:59','2022-01-21 05:33:59'),(904,'2022-01-21 05:33:59','2022-01-21 05:33:59'),(905,'2022-01-21 05:33:59','2022-01-21 05:33:59'),(906,'2022-01-21 05:33:59','2022-01-21 05:33:59'),(907,'2022-01-21 05:33:59','2022-01-21 05:33:59'),(908,'2022-01-21 05:33:59','2022-01-21 05:33:59'),(909,'2022-01-21 05:33:59','2022-01-21 05:33:59'),(910,'2022-01-21 05:33:59','2022-01-21 05:33:59'),(911,'2022-01-21 05:33:59','2022-01-21 05:33:59'),(912,'2022-01-21 05:33:59','2022-01-21 05:33:59'),(913,'2022-01-21 05:33:59','2022-01-21 05:33:59'),(914,'2022-01-21 05:33:59','2022-01-21 05:33:59'),(915,'2022-01-21 05:33:59','2022-01-21 05:33:59'),(916,'2022-01-21 05:33:59','2022-01-21 05:33:59'),(917,'2022-01-21 05:33:59','2022-01-21 05:33:59'),(918,'2022-01-21 05:33:59','2022-01-21 05:33:59'),(919,'2022-01-21 05:33:59','2022-01-21 05:33:59'),(920,'2022-01-21 05:33:59','2022-01-21 05:33:59'),(921,'2022-01-21 05:33:59','2022-01-21 05:33:59'),(922,'2022-01-21 05:33:59','2022-01-21 05:33:59'),(923,'2022-01-21 05:33:59','2022-01-21 05:33:59'),(924,'2022-01-21 05:33:59','2022-01-21 05:33:59'),(925,'2022-01-21 05:33:59','2022-01-21 05:33:59'),(926,'2022-01-21 05:33:59','2022-01-21 05:33:59'),(927,'2022-01-21 05:33:59','2022-01-21 05:33:59'),(928,'2022-01-21 05:33:59','2022-01-21 05:33:59'),(929,'2022-01-21 05:33:59','2022-01-21 05:33:59'),(930,'2022-01-21 05:33:59','2022-01-21 05:33:59'),(931,'2022-01-21 05:33:59','2022-01-21 05:33:59'),(932,'2022-01-21 05:33:59','2022-01-21 05:33:59'),(933,'2022-01-21 05:33:59','2022-01-21 05:33:59'),(934,'2022-01-21 05:33:59','2022-01-21 05:33:59'),(935,'2022-01-21 05:33:59','2022-01-21 05:33:59'),(936,'2022-01-21 05:33:59','2022-01-21 05:33:59'),(937,'2022-01-21 05:33:59','2022-01-21 05:33:59'),(938,'2022-01-21 05:33:59','2022-01-21 05:33:59'),(939,'2022-01-21 05:33:59','2022-01-21 05:33:59'),(940,'2022-01-21 05:33:59','2022-01-21 05:33:59'),(941,'2022-01-21 05:33:59','2022-01-21 05:33:59'),(942,'2022-01-21 05:33:59','2022-01-21 05:33:59'),(943,'2022-01-21 05:33:59','2022-01-21 05:33:59'),(944,'2022-01-21 05:33:59','2022-01-21 05:33:59'),(945,'2022-01-21 05:33:59','2022-01-21 05:33:59'),(946,'2022-01-21 05:33:59','2022-01-21 05:33:59'),(947,'2022-01-21 05:33:59','2022-01-21 05:33:59'),(948,'2022-01-21 05:33:59','2022-01-21 05:33:59'),(949,'2022-01-21 05:33:59','2022-01-21 05:33:59'),(950,'2022-01-21 05:33:59','2022-01-21 05:33:59'),(951,'2022-01-21 05:33:59','2022-01-21 05:33:59'),(952,'2022-01-21 05:33:59','2022-01-21 05:33:59'),(953,'2022-01-21 05:33:59','2022-01-21 05:33:59'),(954,'2022-01-21 05:33:59','2022-01-21 05:33:59'),(955,'2022-01-21 05:33:59','2022-01-21 05:33:59'),(956,'2022-01-21 05:33:59','2022-01-21 05:33:59'),(957,'2022-01-21 05:33:59','2022-01-21 05:33:59'),(958,'2022-01-21 05:33:59','2022-01-21 05:33:59'),(959,'2022-01-21 05:33:59','2022-01-21 05:33:59'),(960,'2022-01-21 05:33:59','2022-01-21 05:33:59'),(961,'2022-01-21 05:33:59','2022-01-21 05:33:59'),(962,'2022-01-21 05:33:59','2022-01-21 05:33:59'),(963,'2022-01-21 05:33:59','2022-01-21 05:33:59'),(964,'2022-01-21 05:33:59','2022-01-21 05:33:59'),(965,'2022-01-21 05:33:59','2022-01-21 05:33:59'),(966,'2022-01-21 05:33:59','2022-01-21 05:33:59'),(967,'2022-01-21 05:33:59','2022-01-21 05:33:59'),(968,'2022-01-21 05:33:59','2022-01-21 05:33:59'),(969,'2022-01-21 05:33:59','2022-01-21 05:33:59'),(970,'2022-01-21 05:33:59','2022-01-21 05:33:59'),(971,'2022-01-21 05:33:59','2022-01-21 05:33:59'),(972,'2022-01-21 05:33:59','2022-01-21 05:33:59'),(973,'2022-01-21 05:33:59','2022-01-21 05:33:59'),(974,'2022-01-21 05:33:59','2022-01-21 05:33:59'),(975,'2022-01-21 05:33:59','2022-01-21 05:33:59'),(976,'2022-01-21 05:33:59','2022-01-21 05:33:59'),(977,'2022-01-21 05:33:59','2022-01-21 05:33:59'),(978,'2022-01-21 05:33:59','2022-01-21 05:33:59'),(979,'2022-01-21 05:33:59','2022-01-21 05:33:59'),(980,'2022-01-21 05:33:59','2022-01-21 05:33:59'),(981,'2022-01-21 05:33:59','2022-01-21 05:33:59'),(982,'2022-01-21 05:33:59','2022-01-21 05:33:59'),(983,'2022-01-21 05:33:59','2022-01-21 05:33:59'),(984,'2022-01-21 05:33:59','2022-01-21 05:33:59'),(985,'2022-01-21 05:33:59','2022-01-21 05:33:59'),(986,'2022-01-21 05:33:59','2022-01-21 05:33:59'),(987,'2022-01-21 05:33:59','2022-01-21 05:33:59'),(988,'2022-01-21 05:33:59','2022-01-21 05:33:59'),(989,'2022-01-21 05:33:59','2022-01-21 05:33:59'),(990,'2022-01-21 05:33:59','2022-01-21 05:33:59'),(991,'2022-01-21 05:33:59','2022-01-21 05:33:59'),(992,'2022-01-21 05:33:59','2022-01-21 05:33:59'),(993,'2022-01-21 05:33:59','2022-01-21 05:33:59'),(994,'2022-01-21 05:33:59','2022-01-21 05:33:59'),(995,'2022-01-21 05:33:59','2022-01-21 05:33:59'),(996,'2022-01-21 05:33:59','2022-01-21 05:33:59'),(997,'2022-01-21 05:33:59','2022-01-21 05:33:59'),(998,'2022-01-21 05:33:59','2022-01-21 05:33:59'),(999,'2022-01-21 05:33:59','2022-01-21 05:33:59'),(1000,'2022-01-21 05:33:59','2022-01-21 05:33:59'),(1001,'2022-01-21 05:33:59','2022-01-21 05:33:59'),(1002,'2022-01-21 05:33:59','2022-01-21 05:33:59'),(1003,'2022-01-21 05:33:59','2022-01-21 05:33:59'),(1004,'2022-01-21 05:33:59','2022-01-21 05:33:59'),(1005,'2022-01-21 05:33:59','2022-01-21 05:33:59'),(1006,'2022-01-21 05:33:59','2022-01-21 05:33:59'),(1007,'2022-01-21 05:33:59','2022-01-21 05:33:59'),(1008,'2022-01-21 05:33:59','2022-01-21 05:33:59'),(1009,'2022-01-21 05:33:59','2022-01-21 05:33:59'),(1010,'2022-01-21 05:33:59','2022-01-21 05:33:59'),(1011,'2022-01-21 05:33:59','2022-01-21 05:33:59'),(1012,'2022-01-21 05:33:59','2022-01-21 05:33:59'),(1013,'2022-01-21 05:33:59','2022-01-21 05:33:59'),(1014,'2022-01-21 05:33:59','2022-01-21 05:33:59'),(1015,'2022-01-21 05:33:59','2022-01-21 05:33:59'),(1016,'2022-01-21 05:33:59','2022-01-21 05:33:59'),(1017,'2022-01-21 05:33:59','2022-01-21 05:33:59'),(1018,'2022-01-21 05:33:59','2022-01-21 05:33:59'),(1019,'2022-01-21 05:33:59','2022-01-21 05:33:59'),(1020,'2022-01-21 05:33:59','2022-01-21 05:33:59'),(1021,'2022-01-21 05:33:59','2022-01-21 05:33:59'),(1022,'2022-01-21 05:33:59','2022-01-21 05:33:59'),(1023,'2022-01-21 05:34:00','2022-01-21 05:34:00'),(1024,'2022-01-21 05:34:00','2022-01-21 05:34:00'),(1025,'2022-01-21 05:34:00','2022-01-21 05:34:00'),(1026,'2022-01-21 05:34:00','2022-01-21 05:34:00'),(1027,'2022-01-21 05:34:00','2022-01-21 05:34:00'),(1028,'2022-01-21 05:34:00','2022-01-21 05:34:00'),(1029,'2022-01-21 05:34:00','2022-01-21 05:34:00'),(1030,'2022-01-21 05:34:00','2022-01-21 05:34:00'),(1031,'2022-01-21 05:34:00','2022-01-21 05:34:00'),(1032,'2022-01-21 05:34:00','2022-01-21 05:34:00'),(1033,'2022-01-21 05:34:00','2022-01-21 05:34:00'),(1034,'2022-01-21 05:34:00','2022-01-21 05:34:00'),(1035,'2022-01-21 05:34:00','2022-01-21 05:34:00'),(1036,'2022-01-21 05:34:00','2022-01-21 05:34:00'),(1037,'2022-01-21 05:34:00','2022-01-21 05:34:00'),(1038,'2022-01-21 05:34:00','2022-01-21 05:34:00'),(1039,'2022-01-21 05:34:00','2022-01-21 05:34:00'),(1040,'2022-01-21 05:34:00','2022-01-21 05:34:00'),(1041,'2022-01-21 05:34:00','2022-01-21 05:34:00'),(1042,'2022-01-21 05:34:00','2022-01-21 05:34:00'),(1043,'2022-01-21 05:34:00','2022-01-21 05:34:00'),(1044,'2022-01-21 05:34:00','2022-01-21 05:34:00'),(1045,'2022-01-21 05:34:00','2022-01-21 05:34:00'),(1046,'2022-01-21 05:34:00','2022-01-21 05:34:00'),(1047,'2022-01-21 05:34:00','2022-01-21 05:34:00'),(1048,'2022-01-21 05:34:00','2022-01-21 05:34:00'),(1049,'2022-01-21 05:34:00','2022-01-21 05:34:00'),(1050,'2022-01-21 05:34:00','2022-01-21 05:34:00'),(1051,'2022-01-21 05:34:00','2022-01-21 05:34:00'),(1052,'2022-01-21 05:34:00','2022-01-21 05:34:00'),(1053,'2022-01-21 05:34:00','2022-01-21 05:34:00'),(1054,'2022-01-21 05:34:00','2022-01-21 05:34:00'),(1055,'2022-01-21 05:34:00','2022-01-21 05:34:00'),(1056,'2022-01-21 05:34:00','2022-01-21 05:34:00'),(1057,'2022-01-21 05:34:00','2022-01-21 05:34:00'),(1058,'2022-01-21 05:34:00','2022-01-21 05:34:00'),(1059,'2022-01-21 05:34:00','2022-01-21 05:34:00'),(1060,'2022-01-21 05:34:00','2022-01-21 05:34:00'),(1061,'2022-01-21 05:34:00','2022-01-21 05:34:00'),(1062,'2022-01-21 05:34:00','2022-01-21 05:34:00'),(1063,'2022-01-21 05:34:00','2022-01-21 05:34:00'),(1064,'2022-01-21 05:34:00','2022-01-21 05:34:00'),(1065,'2022-01-21 05:34:00','2022-01-21 05:34:00'),(1066,'2022-01-21 05:34:00','2022-01-21 05:34:00'),(1067,'2022-01-21 05:34:00','2022-01-21 05:34:00'),(1068,'2022-01-21 05:34:00','2022-01-21 05:34:00'),(1069,'2022-01-21 05:34:00','2022-01-21 05:34:00'),(1070,'2022-01-21 05:34:00','2022-01-21 05:34:00'),(1071,'2022-01-21 05:34:00','2022-01-21 05:34:00'),(1072,'2022-01-21 05:34:00','2022-01-21 05:34:00'),(1073,'2022-01-21 05:34:00','2022-01-21 05:34:00'),(1074,'2022-01-21 05:34:00','2022-01-21 05:34:00'),(1075,'2022-01-21 05:34:00','2022-01-21 05:34:00'),(1076,'2022-01-21 05:34:00','2022-01-21 05:34:00'),(1077,'2022-01-21 05:34:00','2022-01-21 05:34:00'),(1078,'2022-01-21 05:34:00','2022-01-21 05:34:00'),(1079,'2022-01-21 05:34:00','2022-01-21 05:34:00'),(1080,'2022-01-21 05:34:00','2022-01-21 05:34:00'),(1081,'2022-01-21 05:34:00','2022-01-21 05:34:00'),(1082,'2022-01-21 05:34:00','2022-01-21 05:34:00'),(1083,'2022-01-21 05:34:00','2022-01-21 05:34:00'),(1084,'2022-01-21 05:34:00','2022-01-21 05:34:00'),(1085,'2022-01-21 05:34:00','2022-01-21 05:34:00'),(1086,'2022-01-21 05:34:00','2022-01-21 05:34:00'),(1087,'2022-01-21 05:34:00','2022-01-21 05:34:00'),(1088,'2022-01-21 05:34:00','2022-01-21 05:34:00'),(1089,'2022-01-21 05:34:00','2022-01-21 05:34:00'),(1090,'2022-01-21 05:34:00','2022-01-21 05:34:00'),(1091,'2022-01-21 05:34:00','2022-01-21 05:34:00'),(1092,'2022-01-21 05:34:00','2022-01-21 05:34:00'),(1093,'2022-01-21 05:34:00','2022-01-21 05:34:00'),(1094,'2022-01-21 05:34:00','2022-01-21 05:34:00'),(1095,'2022-01-21 05:34:00','2022-01-21 05:34:00'),(1096,'2022-01-21 05:34:00','2022-01-21 05:34:00'),(1097,'2022-01-21 05:34:00','2022-01-21 05:34:00'),(1098,'2022-01-21 05:34:00','2022-01-21 05:34:00'),(1099,'2022-01-21 05:34:00','2022-01-21 05:34:00'),(1100,'2022-01-21 05:34:00','2022-01-21 05:34:00'),(1101,'2022-01-21 05:34:00','2022-01-21 05:34:00'),(1102,'2022-01-21 05:34:00','2022-01-21 05:34:00'),(1103,'2022-01-21 05:34:00','2022-01-21 05:34:00'),(1104,'2022-01-21 05:34:00','2022-01-21 05:34:00'),(1105,'2022-01-21 05:34:00','2022-01-21 05:34:00'),(1106,'2022-01-21 05:34:00','2022-01-21 05:34:00'),(1107,'2022-01-21 05:34:00','2022-01-21 05:34:00'),(1108,'2022-01-21 05:34:00','2022-01-21 05:34:00'),(1109,'2022-01-21 05:34:00','2022-01-21 05:34:00'),(1110,'2022-01-21 05:34:00','2022-01-21 05:34:00'),(1111,'2022-01-21 05:34:00','2022-01-21 05:34:00'),(1112,'2022-01-21 05:34:00','2022-01-21 05:34:00'),(1113,'2022-01-21 05:34:00','2022-01-21 05:34:00'),(1114,'2022-01-21 05:34:00','2022-01-21 05:34:00'),(1115,'2022-01-21 05:34:00','2022-01-21 05:34:00'),(1116,'2022-01-21 05:34:00','2022-01-21 05:34:00'),(1117,'2022-01-21 05:34:00','2022-01-21 05:34:00'),(1118,'2022-01-21 05:34:00','2022-01-21 05:34:00'),(1119,'2022-01-21 05:34:00','2022-01-21 05:34:00'),(1120,'2022-01-21 05:34:00','2022-01-21 05:34:00'),(1121,'2022-01-21 05:34:00','2022-01-21 05:34:00'),(1122,'2022-01-21 05:34:00','2022-01-21 05:34:00'),(1123,'2022-01-21 05:34:00','2022-01-21 05:34:00'),(1124,'2022-01-21 05:34:00','2022-01-21 05:34:00'),(1125,'2022-01-21 05:34:00','2022-01-21 05:34:00'),(1126,'2022-01-21 05:34:00','2022-01-21 05:34:00'),(1127,'2022-01-21 05:34:00','2022-01-21 05:34:00'),(1128,'2022-01-21 05:34:00','2022-01-21 05:34:00'),(1129,'2022-01-21 05:34:00','2022-01-21 05:34:00'),(1130,'2022-01-21 05:34:00','2022-01-21 05:34:00'),(1131,'2022-01-21 05:34:00','2022-01-21 05:34:00'),(1132,'2022-01-21 05:34:00','2022-01-21 05:34:00'),(1133,'2022-01-21 05:34:00','2022-01-21 05:34:00'),(1134,'2022-01-21 05:34:00','2022-01-21 05:34:00'),(1135,'2022-01-21 05:34:00','2022-01-21 05:34:00'),(1136,'2022-01-21 05:34:00','2022-01-21 05:34:00'),(1137,'2022-01-21 05:34:00','2022-01-21 05:34:00'),(1138,'2022-01-21 05:34:00','2022-01-21 05:34:00'),(1139,'2022-01-21 05:34:00','2022-01-21 05:34:00'),(1140,'2022-01-21 05:34:00','2022-01-21 05:34:00'),(1141,'2022-01-21 05:34:00','2022-01-21 05:34:00'),(1142,'2022-01-21 05:34:00','2022-01-21 05:34:00'),(1143,'2022-01-21 05:34:00','2022-01-21 05:34:00'),(1144,'2022-01-21 05:34:00','2022-01-21 05:34:00'),(1145,'2022-01-21 05:34:00','2022-01-21 05:34:00'),(1146,'2022-01-21 05:34:00','2022-01-21 05:34:00'),(1147,'2022-01-21 05:34:00','2022-01-21 05:34:00'),(1148,'2022-01-21 05:34:00','2022-01-21 05:34:00'),(1149,'2022-01-21 05:34:00','2022-01-21 05:34:00'),(1150,'2022-01-21 05:34:00','2022-01-21 05:34:00'),(1151,'2022-01-21 05:34:00','2022-01-21 05:34:00'),(1152,'2022-01-21 05:34:00','2022-01-21 05:34:00'),(1153,'2022-01-21 05:34:00','2022-01-21 05:34:00'),(1154,'2022-01-21 05:34:00','2022-01-21 05:34:00'),(1155,'2022-01-21 05:34:00','2022-01-21 05:34:00'),(1156,'2022-01-21 05:34:00','2022-01-21 05:34:00'),(1157,'2022-01-21 05:34:00','2022-01-21 05:34:00'),(1158,'2022-01-21 05:34:00','2022-01-21 05:34:00'),(1159,'2022-01-21 05:34:00','2022-01-21 05:34:00'),(1160,'2022-01-21 05:34:00','2022-01-21 05:34:00'),(1161,'2022-01-21 05:34:00','2022-01-21 05:34:00'),(1162,'2022-01-21 05:34:00','2022-01-21 05:34:00'),(1163,'2022-01-21 05:34:00','2022-01-21 05:34:00'),(1164,'2022-01-21 05:34:00','2022-01-21 05:34:00'),(1165,'2022-01-21 05:34:00','2022-01-21 05:34:00'),(1166,'2022-01-21 05:34:00','2022-01-21 05:34:00'),(1167,'2022-01-21 05:34:00','2022-01-21 05:34:00'),(1168,'2022-01-21 05:34:00','2022-01-21 05:34:00'),(1169,'2022-01-21 05:34:00','2022-01-21 05:34:00'),(1170,'2022-01-21 05:34:00','2022-01-21 05:34:00'),(1171,'2022-01-21 05:34:00','2022-01-21 05:34:00'),(1172,'2022-01-21 05:34:00','2022-01-21 05:34:00'),(1173,'2022-01-21 05:34:00','2022-01-21 05:34:00'),(1174,'2022-01-21 05:34:00','2022-01-21 05:34:00'),(1175,'2022-01-21 05:34:00','2022-01-21 05:34:00'),(1176,'2022-01-21 05:34:00','2022-01-21 05:34:00'),(1177,'2022-01-21 05:34:00','2022-01-21 05:34:00'),(1178,'2022-01-21 05:34:00','2022-01-21 05:34:00'),(1179,'2022-01-21 05:34:00','2022-01-21 05:34:00'),(1180,'2022-01-21 05:34:00','2022-01-21 05:34:00'),(1181,'2022-01-21 05:34:00','2022-01-21 05:34:00'),(1182,'2022-01-21 05:34:00','2022-01-21 05:34:00'),(1183,'2022-01-21 05:34:00','2022-01-21 05:34:00'),(1184,'2022-01-21 05:34:00','2022-01-21 05:34:00'),(1185,'2022-01-21 05:34:00','2022-01-21 05:34:00'),(1186,'2022-01-21 05:34:00','2022-01-21 05:34:00'),(1187,'2022-01-21 05:34:00','2022-01-21 05:34:00'),(1188,'2022-01-21 05:34:00','2022-01-21 05:34:00'),(1189,'2022-01-21 05:34:00','2022-01-21 05:34:00'),(1190,'2022-01-21 05:34:00','2022-01-21 05:34:00'),(1191,'2022-01-21 05:34:00','2022-01-21 05:34:00'),(1192,'2022-01-21 05:34:00','2022-01-21 05:34:00'),(1193,'2022-01-21 05:34:00','2022-01-21 05:34:00'),(1194,'2022-01-21 05:34:00','2022-01-21 05:34:00'),(1195,'2022-01-21 05:34:00','2022-01-21 05:34:00'),(1196,'2022-01-21 05:34:00','2022-01-21 05:34:00'),(1197,'2022-01-21 05:34:00','2022-01-21 05:34:00'),(1198,'2022-01-21 05:34:00','2022-01-21 05:34:00'),(1199,'2022-01-21 05:34:00','2022-01-21 05:34:00'),(1200,'2022-01-21 05:34:00','2022-01-21 05:34:00'),(1201,'2022-01-21 05:34:00','2022-01-21 05:34:00'),(1202,'2022-01-21 05:34:00','2022-01-21 05:34:00'),(1203,'2022-01-21 05:34:00','2022-01-21 05:34:00'),(1204,'2022-01-21 05:34:00','2022-01-21 05:34:00'),(1205,'2022-01-21 05:34:00','2022-01-21 05:34:00'),(1206,'2022-01-21 05:34:00','2022-01-21 05:34:00'),(1207,'2022-01-21 05:34:00','2022-01-21 05:34:00'),(1208,'2022-01-21 05:34:00','2022-01-21 05:34:00'),(1209,'2022-01-21 05:34:00','2022-01-21 05:34:00'),(1210,'2022-01-21 05:34:00','2022-01-21 05:34:00'),(1211,'2022-01-21 05:34:00','2022-01-21 05:34:00'),(1212,'2022-01-21 05:34:00','2022-01-21 05:34:00'),(1213,'2022-01-21 05:34:00','2022-01-21 05:34:00'),(1214,'2022-01-21 05:34:00','2022-01-21 05:34:00'),(1215,'2022-01-21 05:34:00','2022-01-21 05:34:00'),(1216,'2022-01-21 05:34:00','2022-01-21 05:34:00'),(1217,'2022-01-21 05:34:00','2022-01-21 05:34:00'),(1218,'2022-01-21 05:34:00','2022-01-21 05:34:00'),(1219,'2022-01-21 05:34:00','2022-01-21 05:34:00'),(1220,'2022-01-21 05:34:00','2022-01-21 05:34:00'),(1221,'2022-01-21 05:34:00','2022-01-21 05:34:00'),(1222,'2022-01-21 05:34:00','2022-01-21 05:34:00'),(1223,'2022-01-21 05:34:00','2022-01-21 05:34:00'),(1224,'2022-01-21 05:34:00','2022-01-21 05:34:00'),(1225,'2022-01-21 05:34:00','2022-01-21 05:34:00'),(1226,'2022-01-21 05:34:00','2022-01-21 05:34:00'),(1227,'2022-01-21 05:34:00','2022-01-21 05:34:00'),(1228,'2022-01-21 05:34:00','2022-01-21 05:34:00'),(1229,'2022-01-21 05:34:00','2022-01-21 05:34:00'),(1230,'2022-01-21 05:34:00','2022-01-21 05:34:00'),(1231,'2022-01-21 05:34:00','2022-01-21 05:34:00'),(1232,'2022-01-21 05:34:00','2022-01-21 05:34:00'),(1233,'2022-01-21 05:34:00','2022-01-21 05:34:00'),(1234,'2022-01-21 05:34:00','2022-01-21 05:34:00'),(1235,'2022-01-21 05:34:00','2022-01-21 05:34:00'),(1236,'2022-01-21 05:34:00','2022-01-21 05:34:00'),(1237,'2022-01-21 05:34:00','2022-01-21 05:34:00'),(1238,'2022-01-21 05:34:00','2022-01-21 05:34:00'),(1239,'2022-01-21 05:34:00','2022-01-21 05:34:00'),(1240,'2022-01-21 05:34:00','2022-01-21 05:34:00'),(1241,'2022-01-21 05:34:00','2022-01-21 05:34:00'),(1242,'2022-01-21 05:34:00','2022-01-21 05:34:00'),(1243,'2022-01-21 05:34:00','2022-01-21 05:34:00'),(1244,'2022-01-21 05:34:00','2022-01-21 05:34:00'),(1245,'2022-01-21 05:34:00','2022-01-21 05:34:00'),(1246,'2022-01-21 05:34:00','2022-01-21 05:34:00'),(1247,'2022-01-21 05:34:00','2022-01-21 05:34:00'),(1248,'2022-01-21 05:34:00','2022-01-21 05:34:00'),(1249,'2022-01-21 05:34:00','2022-01-21 05:34:00'),(1250,'2022-01-21 05:34:00','2022-01-21 05:34:00'),(1251,'2022-01-21 05:34:00','2022-01-21 05:34:00'),(1252,'2022-01-21 05:34:00','2022-01-21 05:34:00'),(1253,'2022-01-21 05:34:00','2022-01-21 05:34:00'),(1254,'2022-01-21 05:34:00','2022-01-21 05:34:00'),(1255,'2022-01-21 05:34:00','2022-01-21 05:34:00'),(1256,'2022-01-21 05:34:00','2022-01-21 05:34:00'),(1257,'2022-01-21 05:34:00','2022-01-21 05:34:00'),(1258,'2022-01-21 05:34:00','2022-01-21 05:34:00'),(1259,'2022-01-21 05:34:00','2022-01-21 05:34:00'),(1260,'2022-01-21 05:34:00','2022-01-21 05:34:00'),(1261,'2022-01-21 05:34:00','2022-01-21 05:34:00'),(1262,'2022-01-21 05:34:00','2022-01-21 05:34:00'),(1263,'2022-01-21 05:34:00','2022-01-21 05:34:00'),(1264,'2022-01-21 05:34:00','2022-01-21 05:34:00'),(1265,'2022-01-21 05:34:00','2022-01-21 05:34:00'),(1266,'2022-01-21 05:34:00','2022-01-21 05:34:00'),(1267,'2022-01-21 05:34:00','2022-01-21 05:34:00'),(1268,'2022-01-21 05:34:00','2022-01-21 05:34:00'),(1269,'2022-01-21 05:34:00','2022-01-21 05:34:00'),(1270,'2022-01-21 05:34:00','2022-01-21 05:34:00'),(1271,'2022-01-21 05:34:00','2022-01-21 05:34:00'),(1272,'2022-01-21 05:34:00','2022-01-21 05:34:00'),(1273,'2022-01-21 05:34:00','2022-01-21 05:34:00'),(1274,'2022-01-21 05:34:00','2022-01-21 05:34:00'),(1275,'2022-01-21 05:34:00','2022-01-21 05:34:00'),(1276,'2022-01-21 05:34:00','2022-01-21 05:34:00'),(1277,'2022-01-21 05:34:00','2022-01-21 05:34:00'),(1278,'2022-01-21 05:34:00','2022-01-21 05:34:00'),(1279,'2022-01-21 05:34:00','2022-01-21 05:34:00'),(1280,'2022-01-21 05:34:00','2022-01-21 05:34:00'),(1281,'2022-01-21 05:34:00','2022-01-21 05:34:00'),(1282,'2022-01-21 05:34:00','2022-01-21 05:34:00'),(1283,'2022-01-21 05:34:00','2022-01-21 05:34:00'),(1284,'2022-01-21 05:34:00','2022-01-21 05:34:00'),(1285,'2022-01-21 05:34:00','2022-01-21 05:34:00'),(1286,'2022-01-21 05:34:00','2022-01-21 05:34:00'),(1287,'2022-01-21 05:34:00','2022-01-21 05:34:00'),(1288,'2022-01-21 05:34:00','2022-01-21 05:34:00'),(1289,'2022-01-21 05:34:00','2022-01-21 05:34:00'),(1290,'2022-01-21 05:34:00','2022-01-21 05:34:00'),(1291,'2022-01-21 05:34:00','2022-01-21 05:34:00'),(1292,'2022-01-21 05:34:00','2022-01-21 05:34:00'),(1293,'2022-01-21 05:34:00','2022-01-21 05:34:00'),(1294,'2022-01-21 05:34:00','2022-01-21 05:34:00'),(1295,'2022-01-21 05:34:00','2022-01-21 05:34:00'),(1296,'2022-01-21 05:34:00','2022-01-21 05:34:00'),(1297,'2022-01-21 05:34:00','2022-01-21 05:34:00'),(1298,'2022-01-21 05:34:00','2022-01-21 05:34:00'),(1299,'2022-01-21 05:34:00','2022-01-21 05:34:00'),(1300,'2022-01-21 05:34:00','2022-01-21 05:34:00'),(1301,'2022-01-21 05:34:00','2022-01-21 05:34:00'),(1302,'2022-01-21 05:34:00','2022-01-21 05:34:00'),(1303,'2022-01-21 05:34:00','2022-01-21 05:34:00'),(1304,'2022-01-21 05:34:00','2022-01-21 05:34:00'),(1305,'2022-01-21 05:34:00','2022-01-21 05:34:00'),(1306,'2022-01-21 05:34:00','2022-01-21 05:34:00'),(1307,'2022-01-21 05:34:00','2022-01-21 05:34:00'),(1308,'2022-01-21 05:34:00','2022-01-21 05:34:00'),(1309,'2022-01-21 05:34:00','2022-01-21 05:34:00'),(1310,'2022-01-21 05:34:00','2022-01-21 05:34:00'),(1311,'2022-01-21 05:34:00','2022-01-21 05:34:00'),(1312,'2022-01-21 05:34:00','2022-01-21 05:34:00'),(1313,'2022-01-21 05:34:00','2022-01-21 05:34:00'),(1314,'2022-01-21 05:34:00','2022-01-21 05:34:00'),(1315,'2022-01-21 05:34:00','2022-01-21 05:34:00'),(1316,'2022-01-21 05:34:00','2022-01-21 05:34:00'),(1317,'2022-01-21 05:34:00','2022-01-21 05:34:00'),(1318,'2022-01-21 05:34:00','2022-01-21 05:34:00'),(1319,'2022-01-21 05:34:00','2022-01-21 05:34:00'),(1320,'2022-01-21 05:34:00','2022-01-21 05:34:00'),(1321,'2022-01-21 05:34:00','2022-01-21 05:34:00'),(1322,'2022-01-21 05:34:00','2022-01-21 05:34:00'),(1323,'2022-01-21 05:34:00','2022-01-21 05:34:00'),(1324,'2022-01-21 05:34:00','2022-01-21 05:34:00'),(1325,'2022-01-21 05:34:00','2022-01-21 05:34:00'),(1326,'2022-01-21 05:34:00','2022-01-21 05:34:00'),(1327,'2022-01-21 05:34:00','2022-01-21 05:34:00'),(1328,'2022-01-21 05:34:00','2022-01-21 05:34:00'),(1329,'2022-01-21 05:34:00','2022-01-21 05:34:00'),(1330,'2022-01-21 05:34:00','2022-01-21 05:34:00'),(1331,'2022-01-21 05:34:00','2022-01-21 05:34:00'),(1332,'2022-01-21 05:34:00','2022-01-21 05:34:00'),(1333,'2022-01-21 05:34:00','2022-01-21 05:34:00'),(1334,'2022-01-21 05:34:00','2022-01-21 05:34:00'),(1335,'2022-01-21 05:34:00','2022-01-21 05:34:00'),(1336,'2022-01-21 05:34:00','2022-01-21 05:34:00'),(1337,'2022-01-21 05:34:00','2022-01-21 05:34:00'),(1338,'2022-01-21 05:34:00','2022-01-21 05:34:00'),(1339,'2022-01-21 05:34:00','2022-01-21 05:34:00'),(1340,'2022-01-21 05:34:00','2022-01-21 05:34:00'),(1341,'2022-01-21 05:34:00','2022-01-21 05:34:00'),(1342,'2022-01-21 05:34:00','2022-01-21 05:34:00'),(1343,'2022-01-21 05:34:00','2022-01-21 05:34:00'),(1344,'2022-01-21 05:34:00','2022-01-21 05:34:00'),(1345,'2022-01-21 05:34:00','2022-01-21 05:34:00'),(1346,'2022-01-21 05:34:00','2022-01-21 05:34:00'),(1347,'2022-01-21 05:34:00','2022-01-21 05:34:00'),(1348,'2022-01-21 05:34:00','2022-01-21 05:34:00'),(1349,'2022-01-21 05:34:00','2022-01-21 05:34:00'),(1350,'2022-01-21 05:34:00','2022-01-21 05:34:00'),(1351,'2022-01-21 05:34:00','2022-01-21 05:34:00'),(1352,'2022-01-21 05:34:00','2022-01-21 05:34:00'),(1353,'2022-01-21 05:34:00','2022-01-21 05:34:00'),(1354,'2022-01-21 05:34:00','2022-01-21 05:34:00'),(1355,'2022-01-21 05:34:00','2022-01-21 05:34:00'),(1356,'2022-01-21 05:34:00','2022-01-21 05:34:00'),(1357,'2022-01-21 05:34:00','2022-01-21 05:34:00'),(1358,'2022-01-21 05:34:00','2022-01-21 05:34:00'),(1359,'2022-01-21 05:34:00','2022-01-21 05:34:00'),(1360,'2022-01-21 05:34:00','2022-01-21 05:34:00'),(1361,'2022-01-21 05:34:00','2022-01-21 05:34:00'),(1362,'2022-01-21 05:34:00','2022-01-21 05:34:00'),(1363,'2022-01-21 05:34:00','2022-01-21 05:34:00'),(1364,'2022-01-21 05:34:00','2022-01-21 05:34:00'),(1365,'2022-01-21 05:34:00','2022-01-21 05:34:00'),(1366,'2022-01-21 05:34:00','2022-01-21 05:34:00'),(1367,'2022-01-21 05:34:00','2022-01-21 05:34:00'),(1368,'2022-01-21 05:34:00','2022-01-21 05:34:00'),(1369,'2022-01-21 05:34:00','2022-01-21 05:34:00'),(1370,'2022-01-21 05:34:00','2022-01-21 05:34:00'),(1371,'2022-01-21 05:34:00','2022-01-21 05:34:00'),(1372,'2022-01-21 05:34:00','2022-01-21 05:34:00'),(1373,'2022-01-21 05:34:00','2022-01-21 05:34:00'),(1374,'2022-01-21 05:34:00','2022-01-21 05:34:00'),(1375,'2022-01-21 05:34:00','2022-01-21 05:34:00'),(1376,'2022-01-21 05:34:00','2022-01-21 05:34:00'),(1377,'2022-01-21 05:34:00','2022-01-21 05:34:00'),(1378,'2022-01-21 05:34:00','2022-01-21 05:34:00'),(1379,'2022-01-21 05:34:00','2022-01-21 05:34:00'),(1380,'2022-01-21 05:34:00','2022-01-21 05:34:00'),(1381,'2022-01-21 05:34:00','2022-01-21 05:34:00'),(1382,'2022-01-21 05:34:00','2022-01-21 05:34:00'),(1383,'2022-01-21 05:34:00','2022-01-21 05:34:00'),(1384,'2022-01-21 05:34:00','2022-01-21 05:34:00'),(1385,'2022-01-21 05:34:00','2022-01-21 05:34:00'),(1386,'2022-01-21 05:34:00','2022-01-21 05:34:00'),(1387,'2022-01-21 05:34:00','2022-01-21 05:34:00'),(1388,'2022-01-21 05:34:00','2022-01-21 05:34:00'),(1389,'2022-01-21 05:34:00','2022-01-21 05:34:00'),(1390,'2022-01-21 05:34:00','2022-01-21 05:34:00'),(1391,'2022-01-21 05:34:00','2022-01-21 05:34:00'),(1392,'2022-01-21 05:34:00','2022-01-21 05:34:00'),(1393,'2022-01-21 05:34:00','2022-01-21 05:34:00'),(1394,'2022-01-21 05:34:00','2022-01-21 05:34:00'),(1395,'2022-01-21 05:34:00','2022-01-21 05:34:00'),(1396,'2022-01-21 05:34:00','2022-01-21 05:34:00'),(1397,'2022-01-21 05:34:00','2022-01-21 05:34:00'),(1398,'2022-01-21 05:34:00','2022-01-21 05:34:00'),(1399,'2022-01-21 05:34:00','2022-01-21 05:34:00'),(1400,'2022-01-21 05:34:00','2022-01-21 05:34:00'),(1401,'2022-01-21 05:34:00','2022-01-21 05:34:00'),(1402,'2022-01-21 05:34:00','2022-01-21 05:34:00'),(1403,'2022-01-21 05:34:00','2022-01-21 05:34:00'),(1404,'2022-01-21 05:34:00','2022-01-21 05:34:00'),(1405,'2022-01-21 05:34:00','2022-01-21 05:34:00'),(1406,'2022-01-21 05:34:00','2022-01-21 05:34:00'),(1407,'2022-01-21 05:34:00','2022-01-21 05:34:00'),(1408,'2022-01-21 05:34:00','2022-01-21 05:34:00'),(1409,'2022-01-21 05:34:00','2022-01-21 05:34:00'),(1410,'2022-01-21 05:34:00','2022-01-21 05:34:00'),(1411,'2022-01-21 05:34:00','2022-01-21 05:34:00'),(1412,'2022-01-21 05:34:00','2022-01-21 05:34:00'),(1413,'2022-01-21 05:34:00','2022-01-21 05:34:00'),(1414,'2022-01-21 05:34:00','2022-01-21 05:34:00'),(1415,'2022-01-21 05:34:00','2022-01-21 05:34:00'),(1416,'2022-01-21 05:34:00','2022-01-21 05:34:00'),(1417,'2022-01-21 05:34:00','2022-01-21 05:34:00'),(1418,'2022-01-21 05:34:00','2022-01-21 05:34:00'),(1419,'2022-01-21 05:34:00','2022-01-21 05:34:00'),(1420,'2022-01-21 05:34:00','2022-01-21 05:34:00'),(1421,'2022-01-21 05:34:00','2022-01-21 05:34:00'),(1422,'2022-01-21 05:34:00','2022-01-21 05:34:00'),(1423,'2022-01-21 05:34:00','2022-01-21 05:34:00'),(1424,'2022-01-21 05:34:00','2022-01-21 05:34:00'),(1425,'2022-01-21 05:34:00','2022-01-21 05:34:00'),(1426,'2022-01-21 05:34:00','2022-01-21 05:34:00'),(1427,'2022-01-21 05:34:00','2022-01-21 05:34:00'),(1428,'2022-01-21 05:34:00','2022-01-21 05:34:00'),(1429,'2022-01-21 05:34:00','2022-01-21 05:34:00'),(1430,'2022-01-21 05:34:00','2022-01-21 05:34:00'),(1431,'2022-01-21 05:34:00','2022-01-21 05:34:00'),(1432,'2022-01-21 05:34:00','2022-01-21 05:34:00'),(1433,'2022-01-21 05:34:00','2022-01-21 05:34:00'),(1434,'2022-01-21 05:34:00','2022-01-21 05:34:00'),(1435,'2022-01-21 05:34:00','2022-01-21 05:34:00'),(1436,'2022-01-21 05:34:00','2022-01-21 05:34:00'),(1437,'2022-01-21 05:34:00','2022-01-21 05:34:00'),(1438,'2022-01-21 05:34:00','2022-01-21 05:34:00'),(1439,'2022-01-21 05:34:00','2022-01-21 05:34:00'),(1440,'2022-01-21 05:34:00','2022-01-21 05:34:00'),(1441,'2022-01-21 05:34:00','2022-01-21 05:34:00'),(1442,'2022-01-21 05:34:00','2022-01-21 05:34:00'),(1443,'2022-01-21 05:34:00','2022-01-21 05:34:00'),(1444,'2022-01-21 05:34:00','2022-01-21 05:34:00'),(1445,'2022-01-21 05:34:00','2022-01-21 05:34:00'),(1446,'2022-01-21 05:34:00','2022-01-21 05:34:00'),(1447,'2022-01-21 05:34:00','2022-01-21 05:34:00'),(1448,'2022-01-21 05:34:00','2022-01-21 05:34:00'),(1449,'2022-01-21 05:34:00','2022-01-21 05:34:00'),(1450,'2022-01-21 05:34:00','2022-01-21 05:34:00'),(1451,'2022-01-21 05:34:00','2022-01-21 05:34:00'),(1452,'2022-01-21 05:34:00','2022-01-21 05:34:00'),(1453,'2022-01-21 05:34:00','2022-01-21 05:34:00'),(1454,'2022-01-21 05:34:00','2022-01-21 05:34:00'),(1455,'2022-01-21 05:34:00','2022-01-21 05:34:00'),(1456,'2022-01-21 05:34:00','2022-01-21 05:34:00'),(1457,'2022-01-21 05:34:00','2022-01-21 05:34:00'),(1458,'2022-01-21 05:34:00','2022-01-21 05:34:00'),(1459,'2022-01-21 05:34:00','2022-01-21 05:34:00'),(1460,'2022-01-21 05:34:00','2022-01-21 05:34:00'),(1461,'2022-01-21 05:34:00','2022-01-21 05:34:00'),(1462,'2022-01-21 05:34:00','2022-01-21 05:34:00'),(1463,'2022-01-21 05:34:00','2022-01-21 05:34:00'),(1464,'2022-01-21 05:34:00','2022-01-21 05:34:00'),(1465,'2022-01-21 05:34:00','2022-01-21 05:34:00'),(1466,'2022-01-21 05:34:00','2022-01-21 05:34:00'),(1467,'2022-01-21 05:34:00','2022-01-21 05:34:00'),(1468,'2022-01-21 05:34:00','2022-01-21 05:34:00'),(1469,'2022-01-21 05:34:00','2022-01-21 05:34:00'),(1470,'2022-01-21 05:34:00','2022-01-21 05:34:00'),(1471,'2022-01-21 05:34:00','2022-01-21 05:34:00'),(1472,'2022-01-21 05:34:00','2022-01-21 05:34:00'),(1473,'2022-01-21 05:34:00','2022-01-21 05:34:00'),(1474,'2022-01-21 05:34:00','2022-01-21 05:34:00'),(1475,'2022-01-21 05:34:00','2022-01-21 05:34:00'),(1476,'2022-01-21 05:34:00','2022-01-21 05:34:00'),(1477,'2022-01-21 05:34:00','2022-01-21 05:34:00'),(1478,'2022-01-21 05:34:00','2022-01-21 05:34:00'),(1479,'2022-01-21 05:34:00','2022-01-21 05:34:00'),(1480,'2022-01-21 05:34:00','2022-01-21 05:34:00'),(1481,'2022-01-21 05:34:00','2022-01-21 05:34:00'),(1482,'2022-01-21 05:34:00','2022-01-21 05:34:00'),(1483,'2022-01-21 05:34:00','2022-01-21 05:34:00'),(1484,'2022-01-21 05:34:00','2022-01-21 05:34:00'),(1485,'2022-01-21 05:34:00','2022-01-21 05:34:00'),(1486,'2022-01-21 05:34:00','2022-01-21 05:34:00'),(1487,'2022-01-21 05:34:00','2022-01-21 05:34:00'),(1488,'2022-01-21 05:34:00','2022-01-21 05:34:00'),(1489,'2022-01-21 05:34:00','2022-01-21 05:34:00'),(1490,'2022-01-21 05:34:00','2022-01-21 05:34:00'),(1491,'2022-01-21 05:34:00','2022-01-21 05:34:00'),(1492,'2022-01-21 05:34:00','2022-01-21 05:34:00'),(1493,'2022-01-21 05:34:00','2022-01-21 05:34:00'),(1494,'2022-01-21 05:34:00','2022-01-21 05:34:00'),(1495,'2022-01-21 05:34:00','2022-01-21 05:34:00'),(1496,'2022-01-21 05:34:00','2022-01-21 05:34:00'),(1497,'2022-01-21 05:34:00','2022-01-21 05:34:00'),(1498,'2022-01-21 05:34:00','2022-01-21 05:34:00'),(1499,'2022-01-21 05:34:00','2022-01-21 05:34:00'),(1500,'2022-01-21 05:34:00','2022-01-21 05:34:00'),(1501,'2022-01-21 05:34:00','2022-01-21 05:34:00'),(1502,'2022-01-21 05:34:00','2022-01-21 05:34:00'),(1503,'2022-01-21 05:34:00','2022-01-21 05:34:00'),(1504,'2022-01-21 05:34:00','2022-01-21 05:34:00'),(1505,'2022-01-21 05:34:00','2022-01-21 05:34:00'),(1506,'2022-01-21 05:34:00','2022-01-21 05:34:00'),(1507,'2022-01-21 05:34:00','2022-01-21 05:34:00'),(1508,'2022-01-21 05:34:00','2022-01-21 05:34:00'),(1509,'2022-01-21 05:34:00','2022-01-21 05:34:00'),(1510,'2022-01-21 05:34:00','2022-01-21 05:34:00'),(1511,'2022-01-21 05:34:00','2022-01-21 05:34:00'),(1512,'2022-01-21 05:34:00','2022-01-21 05:34:00'),(1513,'2022-01-21 05:34:00','2022-01-21 05:34:00'),(1514,'2022-01-21 05:34:00','2022-01-21 05:34:00'),(1515,'2022-01-21 05:34:00','2022-01-21 05:34:00'),(1516,'2022-01-21 05:34:00','2022-01-21 05:34:00'),(1517,'2022-01-21 05:34:00','2022-01-21 05:34:00'),(1518,'2022-01-21 05:34:00','2022-01-21 05:34:00'),(1519,'2022-01-21 05:34:00','2022-01-21 05:34:00'),(1520,'2022-01-21 05:34:00','2022-01-21 05:34:00'),(1521,'2022-01-21 05:34:00','2022-01-21 05:34:00'),(1522,'2022-01-21 05:34:00','2022-01-21 05:34:00'),(1523,'2022-01-21 05:34:00','2022-01-21 05:34:00'),(1524,'2022-01-21 05:34:00','2022-01-21 05:34:00'),(1525,'2022-01-21 05:34:00','2022-01-21 05:34:00'),(1526,'2022-01-21 05:34:00','2022-01-21 05:34:00'),(1527,'2022-01-21 05:34:00','2022-01-21 05:34:00'),(1528,'2022-01-21 05:34:00','2022-01-21 05:34:00'),(1529,'2022-01-21 05:34:00','2022-01-21 05:34:00'),(1530,'2022-01-21 05:34:00','2022-01-21 05:34:00'),(1531,'2022-01-21 05:34:00','2022-01-21 05:34:00'),(1532,'2022-01-21 05:34:00','2022-01-21 05:34:00'),(1533,'2022-01-21 05:34:00','2022-01-21 05:34:00'),(1534,'2022-01-21 05:34:00','2022-01-21 05:34:00'),(1535,'2022-01-21 05:34:00','2022-01-21 05:34:00'),(1536,'2022-01-21 05:34:00','2022-01-21 05:34:00'),(1537,'2022-01-21 05:34:00','2022-01-21 05:34:00'),(1538,'2022-01-21 05:34:00','2022-01-21 05:34:00'),(1539,'2022-01-21 05:34:00','2022-01-21 05:34:00'),(1540,'2022-01-21 05:34:00','2022-01-21 05:34:00'),(1541,'2022-01-21 05:34:00','2022-01-21 05:34:00'),(1542,'2022-01-21 05:34:00','2022-01-21 05:34:00'),(1543,'2022-01-21 05:34:00','2022-01-21 05:34:00'),(1544,'2022-01-21 05:34:00','2022-01-21 05:34:00'),(1545,'2022-01-21 05:34:00','2022-01-21 05:34:00'),(1546,'2022-01-21 05:34:00','2022-01-21 05:34:00'),(1547,'2022-01-21 05:34:00','2022-01-21 05:34:00'),(1548,'2022-01-21 05:34:00','2022-01-21 05:34:00'),(1549,'2022-01-21 05:34:00','2022-01-21 05:34:00'),(1550,'2022-01-21 05:34:00','2022-01-21 05:34:00'),(1551,'2022-01-21 05:34:00','2022-01-21 05:34:00'),(1552,'2022-01-21 05:34:00','2022-01-21 05:34:00'),(1553,'2022-01-21 05:34:00','2022-01-21 05:34:00'),(1554,'2022-01-21 05:34:00','2022-01-21 05:34:00'),(1555,'2022-01-21 05:34:00','2022-01-21 05:34:00'),(1556,'2022-01-21 05:34:00','2022-01-21 05:34:00'),(1557,'2022-01-21 05:34:00','2022-01-21 05:34:00'),(1558,'2022-01-21 05:34:00','2022-01-21 05:34:00'),(1559,'2022-01-21 05:34:00','2022-01-21 05:34:00'),(1560,'2022-01-21 05:34:00','2022-01-21 05:34:00'),(1561,'2022-01-21 05:34:00','2022-01-21 05:34:00'),(1562,'2022-01-21 05:34:00','2022-01-21 05:34:00'),(1563,'2022-01-21 05:34:00','2022-01-21 05:34:00'),(1564,'2022-01-21 05:34:00','2022-01-21 05:34:00'),(1565,'2022-01-21 05:34:00','2022-01-21 05:34:00'),(1566,'2022-01-21 05:34:00','2022-01-21 05:34:00'),(1567,'2022-01-21 05:34:00','2022-01-21 05:34:00'),(1568,'2022-01-21 05:34:00','2022-01-21 05:34:00'),(1569,'2022-01-21 05:34:00','2022-01-21 05:34:00'),(1570,'2022-01-21 05:34:00','2022-01-21 05:34:00'),(1571,'2022-01-21 05:34:00','2022-01-21 05:34:00'),(1572,'2022-01-21 05:34:00','2022-01-21 05:34:00'),(1573,'2022-01-21 05:34:00','2022-01-21 05:34:00'),(1574,'2022-01-21 05:34:00','2022-01-21 05:34:00'),(1575,'2022-01-21 05:34:00','2022-01-21 05:34:00'),(1576,'2022-01-21 05:34:00','2022-01-21 05:34:00'),(1577,'2022-01-21 05:34:00','2022-01-21 05:34:00'),(1578,'2022-01-21 05:34:00','2022-01-21 05:34:00'),(1579,'2022-01-21 05:34:00','2022-01-21 05:34:00'),(1580,'2022-01-21 05:34:00','2022-01-21 05:34:00'),(1581,'2022-01-21 05:34:00','2022-01-21 05:34:00'),(1582,'2022-01-21 05:34:00','2022-01-21 05:34:00'),(1583,'2022-01-21 05:34:00','2022-01-21 05:34:00'),(1584,'2022-01-21 05:34:00','2022-01-21 05:34:00'),(1585,'2022-01-21 05:34:00','2022-01-21 05:34:00'),(1586,'2022-01-21 05:34:00','2022-01-21 05:34:00'),(1587,'2022-01-21 05:34:00','2022-01-21 05:34:00'),(1588,'2022-01-21 05:34:00','2022-01-21 05:34:00'),(1589,'2022-01-21 05:34:00','2022-01-21 05:34:00'),(1590,'2022-01-21 05:34:00','2022-01-21 05:34:00'),(1591,'2022-01-21 05:34:00','2022-01-21 05:34:00'),(1592,'2022-01-21 05:34:00','2022-01-21 05:34:00'),(1593,'2022-01-21 05:34:00','2022-01-21 05:34:00'),(1594,'2022-01-21 05:34:00','2022-01-21 05:34:00'),(1595,'2022-01-21 05:34:00','2022-01-21 05:34:00'),(1596,'2022-01-21 05:34:00','2022-01-21 05:34:00'),(1597,'2022-01-21 05:34:00','2022-01-21 05:34:00'),(1598,'2022-01-21 05:34:00','2022-01-21 05:34:00'),(1599,'2022-01-21 05:34:00','2022-01-21 05:34:00'),(1600,'2022-01-21 05:34:00','2022-01-21 05:34:00'),(1601,'2022-01-21 05:34:00','2022-01-21 05:34:00'),(1602,'2022-01-21 05:34:00','2022-01-21 05:34:00'),(1603,'2022-01-21 05:34:00','2022-01-21 05:34:00'),(1604,'2022-01-21 05:34:00','2022-01-21 05:34:00'),(1605,'2022-01-21 05:34:00','2022-01-21 05:34:00'),(1606,'2022-01-21 05:34:00','2022-01-21 05:34:00'),(1607,'2022-01-21 05:34:00','2022-01-21 05:34:00'),(1608,'2022-01-21 05:34:00','2022-01-21 05:34:00'),(1609,'2022-01-21 05:34:00','2022-01-21 05:34:00'),(1610,'2022-01-21 05:34:00','2022-01-21 05:34:00'),(1611,'2022-01-21 05:34:00','2022-01-21 05:34:00'),(1612,'2022-01-21 05:34:00','2022-01-21 05:34:00'),(1613,'2022-01-21 05:34:00','2022-01-21 05:34:00'),(1614,'2022-01-21 05:34:00','2022-01-21 05:34:00'),(1615,'2022-01-21 05:34:00','2022-01-21 05:34:00'),(1616,'2022-01-21 05:34:00','2022-01-21 05:34:00'),(1617,'2022-01-21 05:34:00','2022-01-21 05:34:00'),(1618,'2022-01-21 05:34:00','2022-01-21 05:34:00'),(1619,'2022-01-21 05:34:00','2022-01-21 05:34:00'),(1620,'2022-01-21 05:34:01','2022-01-21 05:34:01'),(1621,'2022-01-21 05:34:01','2022-01-21 05:34:01'),(1622,'2022-01-21 05:34:01','2022-01-21 05:34:01'),(1623,'2022-01-21 05:34:01','2022-01-21 05:34:01'),(1624,'2022-01-21 05:34:01','2022-01-21 05:34:01'),(1625,'2022-01-21 05:34:01','2022-01-21 05:34:01'),(1626,'2022-01-21 05:34:01','2022-01-21 05:34:01'),(1627,'2022-01-21 05:34:01','2022-01-21 05:34:01'),(1628,'2022-01-21 05:34:01','2022-01-21 05:34:01'),(1629,'2022-01-21 05:34:01','2022-01-21 05:34:01'),(1630,'2022-01-21 05:34:01','2022-01-21 05:34:01'),(1631,'2022-01-21 05:34:01','2022-01-21 05:34:01'),(1632,'2022-01-21 05:34:01','2022-01-21 05:34:01'),(1633,'2022-01-21 05:34:01','2022-01-21 05:34:01'),(1634,'2022-01-21 05:34:01','2022-01-21 05:34:01'),(1635,'2022-01-21 05:34:01','2022-01-21 05:34:01'),(1636,'2022-01-21 05:34:01','2022-01-21 05:34:01'),(1637,'2022-01-21 05:34:01','2022-01-21 05:34:01'),(1638,'2022-01-21 05:34:01','2022-01-21 05:34:01'),(1639,'2022-01-21 05:34:01','2022-01-21 05:34:01'),(1640,'2022-01-21 05:34:01','2022-01-21 05:34:01'),(1641,'2022-01-21 05:34:01','2022-01-21 05:34:01'),(1642,'2022-01-21 05:34:01','2022-01-21 05:34:01'),(1643,'2022-01-21 05:34:01','2022-01-21 05:34:01'),(1644,'2022-01-21 05:34:01','2022-01-21 05:34:01'),(1645,'2022-01-21 05:34:01','2022-01-21 05:34:01'),(1646,'2022-01-21 05:34:01','2022-01-21 05:34:01'),(1647,'2022-01-21 05:34:01','2022-01-21 05:34:01'),(1648,'2022-01-21 05:34:01','2022-01-21 05:34:01'),(1649,'2022-01-21 05:34:01','2022-01-21 05:34:01'),(1650,'2022-01-21 05:34:01','2022-01-21 05:34:01'),(1651,'2022-01-21 05:34:01','2022-01-21 05:34:01'),(1652,'2022-01-21 05:34:01','2022-01-21 05:34:01'),(1653,'2022-01-21 05:34:01','2022-01-21 05:34:01'),(1654,'2022-01-21 05:34:01','2022-01-21 05:34:01'),(1655,'2022-01-21 05:34:01','2022-01-21 05:34:01'),(1656,'2022-01-21 05:34:01','2022-01-21 05:34:01'),(1657,'2022-01-21 05:34:01','2022-01-21 05:34:01'),(1658,'2022-01-21 05:34:01','2022-01-21 05:34:01'),(1659,'2022-01-21 05:34:01','2022-01-21 05:34:01'),(1660,'2022-01-21 05:34:01','2022-01-21 05:34:01'),(1661,'2022-01-21 05:34:01','2022-01-21 05:34:01'),(1662,'2022-01-21 05:34:01','2022-01-21 05:34:01'),(1663,'2022-01-21 05:34:01','2022-01-21 05:34:01'),(1664,'2022-01-21 05:34:01','2022-01-21 05:34:01'),(1665,'2022-01-21 05:34:01','2022-01-21 05:34:01'),(1666,'2022-01-21 05:34:01','2022-01-21 05:34:01'),(1667,'2022-01-21 05:34:01','2022-01-21 05:34:01'),(1668,'2022-01-21 05:34:01','2022-01-21 05:34:01'),(1669,'2022-01-21 05:34:01','2022-01-21 05:34:01'),(1670,'2022-01-21 05:34:01','2022-01-21 05:34:01'),(1671,'2022-01-21 05:34:01','2022-01-21 05:34:01'),(1672,'2022-01-21 05:34:01','2022-01-21 05:34:01'),(1673,'2022-01-21 05:34:01','2022-01-21 05:34:01'),(1674,'2022-01-21 05:34:01','2022-01-21 05:34:01'),(1675,'2022-01-21 05:34:01','2022-01-21 05:34:01'),(1676,'2022-01-21 05:34:01','2022-01-21 05:34:01'),(1677,'2022-01-21 05:34:01','2022-01-21 05:34:01'),(1678,'2022-01-21 05:34:01','2022-01-21 05:34:01'),(1679,'2022-01-21 05:34:01','2022-01-21 05:34:01'),(1680,'2022-01-21 05:34:01','2022-01-21 05:34:01'),(1681,'2022-01-21 05:34:01','2022-01-21 05:34:01'),(1682,'2022-01-21 05:34:01','2022-01-21 05:34:01'),(1683,'2022-01-21 05:34:01','2022-01-21 05:34:01'),(1684,'2022-01-21 05:34:01','2022-01-21 05:34:01'),(1685,'2022-01-21 05:34:01','2022-01-21 05:34:01'),(1686,'2022-01-21 05:34:01','2022-01-21 05:34:01'),(1687,'2022-01-21 05:34:01','2022-01-21 05:34:01'),(1688,'2022-01-21 05:34:01','2022-01-21 05:34:01'),(1689,'2022-01-21 05:34:01','2022-01-21 05:34:01'),(1690,'2022-01-21 05:34:01','2022-01-21 05:34:01'),(1691,'2022-01-21 05:34:01','2022-01-21 05:34:01'),(1692,'2022-01-21 05:34:01','2022-01-21 05:34:01'),(1693,'2022-01-21 05:34:01','2022-01-21 05:34:01'),(1694,'2022-01-21 05:34:01','2022-01-21 05:34:01'),(1695,'2022-01-21 05:34:01','2022-01-21 05:34:01'),(1696,'2022-01-21 05:34:01','2022-01-21 05:34:01'),(1697,'2022-01-21 05:34:01','2022-01-21 05:34:01'),(1698,'2022-01-21 05:34:01','2022-01-21 05:34:01'),(1699,'2022-01-21 05:34:01','2022-01-21 05:34:01'),(1700,'2022-01-21 05:34:01','2022-01-21 05:34:01'),(1701,'2022-01-21 05:34:01','2022-01-21 05:34:01'),(1702,'2022-01-21 05:34:01','2022-01-21 05:34:01'),(1703,'2022-01-21 05:34:01','2022-01-21 05:34:01'),(1704,'2022-01-21 05:34:01','2022-01-21 05:34:01'),(1705,'2022-01-21 05:34:01','2022-01-21 05:34:01'),(1706,'2022-01-21 05:34:01','2022-01-21 05:34:01'),(1707,'2022-01-21 05:34:01','2022-01-21 05:34:01'),(1708,'2022-01-21 05:34:01','2022-01-21 05:34:01'),(1709,'2022-01-21 05:34:01','2022-01-21 05:34:01'),(1710,'2022-01-21 05:34:01','2022-01-21 05:34:01'),(1711,'2022-01-21 05:34:01','2022-01-21 05:34:01'),(1712,'2022-01-21 05:34:01','2022-01-21 05:34:01'),(1713,'2022-01-21 05:34:01','2022-01-21 05:34:01'),(1714,'2022-01-21 05:34:01','2022-01-21 05:34:01'),(1715,'2022-01-21 05:34:01','2022-01-21 05:34:01'),(1716,'2022-01-21 05:34:01','2022-01-21 05:34:01'),(1717,'2022-01-21 05:34:01','2022-01-21 05:34:01'),(1718,'2022-01-21 05:34:01','2022-01-21 05:34:01'),(1719,'2022-01-21 05:34:01','2022-01-21 05:34:01'),(1720,'2022-01-21 05:34:01','2022-01-21 05:34:01'),(1721,'2022-01-21 05:34:01','2022-01-21 05:34:01'),(1722,'2022-01-21 05:34:01','2022-01-21 05:34:01'),(1723,'2022-01-21 05:34:01','2022-01-21 05:34:01'),(1724,'2022-01-21 05:34:01','2022-01-21 05:34:01'),(1725,'2022-01-21 05:34:01','2022-01-21 05:34:01'),(1726,'2022-01-21 05:34:01','2022-01-21 05:34:01'),(1727,'2022-01-21 05:34:01','2022-01-21 05:34:01'),(1728,'2022-01-21 05:34:01','2022-01-21 05:34:01'),(1729,'2022-01-21 05:34:01','2022-01-21 05:34:01'),(1730,'2022-01-21 05:34:01','2022-01-21 05:34:01'),(1731,'2022-01-21 05:34:01','2022-01-21 05:34:01'),(1732,'2022-01-21 05:34:01','2022-01-21 05:34:01'),(1733,'2022-01-21 05:34:01','2022-01-21 05:34:01'),(1734,'2022-01-21 05:34:01','2022-01-21 05:34:01'),(1735,'2022-01-21 05:34:01','2022-01-21 05:34:01'),(1736,'2022-01-21 05:34:01','2022-01-21 05:34:01'),(1737,'2022-01-21 05:34:01','2022-01-21 05:34:01'),(1738,'2022-01-21 05:34:01','2022-01-21 05:34:01'),(1739,'2022-01-21 05:34:01','2022-01-21 05:34:01'),(1740,'2022-01-21 05:34:01','2022-01-21 05:34:01'),(1741,'2022-01-21 05:34:01','2022-01-21 05:34:01'),(1742,'2022-01-21 05:34:01','2022-01-21 05:34:01'),(1743,'2022-01-21 05:34:01','2022-01-21 05:34:01'),(1744,'2022-01-21 05:34:01','2022-01-21 05:34:01'),(1745,'2022-01-21 05:34:01','2022-01-21 05:34:01'),(1746,'2022-01-21 05:34:01','2022-01-21 05:34:01'),(1747,'2022-01-21 05:34:01','2022-01-21 05:34:01'),(1748,'2022-01-21 05:34:01','2022-01-21 05:34:01'),(1749,'2022-01-21 05:34:01','2022-01-21 05:34:01'),(1750,'2022-01-21 05:34:01','2022-01-21 05:34:01'),(1751,'2022-01-21 05:34:01','2022-01-21 05:34:01'),(1752,'2022-01-21 05:34:01','2022-01-21 05:34:01'),(1753,'2022-01-21 05:34:01','2022-01-21 05:34:01'),(1754,'2022-01-21 05:34:01','2022-01-21 05:34:01'),(1755,'2022-01-21 05:34:01','2022-01-21 05:34:01'),(1756,'2022-01-21 05:34:01','2022-01-21 05:34:01'),(1757,'2022-01-21 05:34:01','2022-01-21 05:34:01'),(1758,'2022-01-21 05:34:01','2022-01-21 05:34:01'),(1759,'2022-01-21 05:34:01','2022-01-21 05:34:01'),(1760,'2022-01-21 05:34:01','2022-01-21 05:34:01'),(1761,'2022-01-21 05:34:01','2022-01-21 05:34:01'),(1762,'2022-01-21 05:34:01','2022-01-21 05:34:01'),(1763,'2022-01-21 05:34:01','2022-01-21 05:34:01'),(1764,'2022-01-21 05:34:01','2022-01-21 05:34:01'),(1765,'2022-01-21 05:34:01','2022-01-21 05:34:01'),(1766,'2022-01-21 05:34:01','2022-01-21 05:34:01'),(1767,'2022-01-21 05:34:01','2022-01-21 05:34:01'),(1768,'2022-01-21 05:34:01','2022-01-21 05:34:01'),(1769,'2022-01-21 05:34:01','2022-01-21 05:34:01'),(1770,'2022-01-21 05:34:01','2022-01-21 05:34:01'),(1771,'2022-01-21 05:34:01','2022-01-21 05:34:01'),(1772,'2022-01-21 05:34:01','2022-01-21 05:34:01'),(1773,'2022-01-21 05:34:01','2022-01-21 05:34:01'),(1774,'2022-01-21 05:34:01','2022-01-21 05:34:01'),(1775,'2022-01-21 05:34:01','2022-01-21 05:34:01'),(1776,'2022-01-21 05:34:01','2022-01-21 05:34:01'),(1777,'2022-01-21 05:34:01','2022-01-21 05:34:01'),(1778,'2022-01-21 05:34:01','2022-01-21 05:34:01'),(1779,'2022-01-21 05:34:01','2022-01-21 05:34:01'),(1780,'2022-01-21 05:34:01','2022-01-21 05:34:01'),(1781,'2022-01-21 05:34:01','2022-01-21 05:34:01'),(1782,'2022-01-21 05:34:01','2022-01-21 05:34:01'),(1783,'2022-01-21 05:34:01','2022-01-21 05:34:01'),(1784,'2022-01-21 05:34:01','2022-01-21 05:34:01'),(1785,'2022-01-21 05:34:01','2022-01-21 05:34:01'),(1786,'2022-01-21 05:34:01','2022-01-21 05:34:01'),(1787,'2022-01-21 05:34:01','2022-01-21 05:34:01'),(1788,'2022-01-21 05:34:01','2022-01-21 05:34:01'),(1789,'2022-01-21 05:34:01','2022-01-21 05:34:01'),(1790,'2022-01-21 05:34:01','2022-01-21 05:34:01'),(1791,'2022-01-21 05:34:01','2022-01-21 05:34:01'),(1792,'2022-01-21 05:34:01','2022-01-21 05:34:01'),(1793,'2022-01-21 05:34:01','2022-01-21 05:34:01'),(1794,'2022-01-21 05:34:01','2022-01-21 05:34:01'),(1795,'2022-01-21 05:34:01','2022-01-21 05:34:01'),(1796,'2022-01-21 05:34:01','2022-01-21 05:34:01'),(1797,'2022-01-21 05:34:01','2022-01-21 05:34:01'),(1798,'2022-01-21 05:34:01','2022-01-21 05:34:01'),(1799,'2022-01-21 05:34:01','2022-01-21 05:34:01'),(1800,'2022-01-21 05:34:01','2022-01-21 05:34:01'),(1801,'2022-01-21 05:34:01','2022-01-21 05:34:01'),(1802,'2022-01-21 05:34:01','2022-01-21 05:34:01'),(1803,'2022-01-21 05:34:01','2022-01-21 05:34:01'),(1804,'2022-01-21 05:34:01','2022-01-21 05:34:01'),(1805,'2022-01-21 05:34:01','2022-01-21 05:34:01'),(1806,'2022-01-21 05:34:01','2022-01-21 05:34:01'),(1807,'2022-01-21 05:34:01','2022-01-21 05:34:01'),(1808,'2022-01-21 05:34:01','2022-01-21 05:34:01'),(1809,'2022-01-21 05:34:01','2022-01-21 05:34:01'),(1810,'2022-01-21 05:34:01','2022-01-21 05:34:01'),(1811,'2022-01-21 05:34:01','2022-01-21 05:34:01'),(1812,'2022-01-21 05:34:01','2022-01-21 05:34:01'),(1813,'2022-01-21 05:34:01','2022-01-21 05:34:01'),(1814,'2022-01-21 05:34:01','2022-01-21 05:34:01'),(1815,'2022-01-21 05:34:01','2022-01-21 05:34:01'),(1816,'2022-01-21 05:34:01','2022-01-21 05:34:01'),(1817,'2022-01-21 05:34:01','2022-01-21 05:34:01'),(1818,'2022-01-21 05:34:01','2022-01-21 05:34:01'),(1819,'2022-01-21 05:34:01','2022-01-21 05:34:01'),(1820,'2022-01-21 05:34:01','2022-01-21 05:34:01'),(1821,'2022-01-21 05:34:01','2022-01-21 05:34:01'),(1822,'2022-01-21 05:34:01','2022-01-21 05:34:01'),(1823,'2022-01-21 05:34:01','2022-01-21 05:34:01'),(1824,'2022-01-21 05:34:01','2022-01-21 05:34:01'),(1825,'2022-01-21 05:34:01','2022-01-21 05:34:01'),(1826,'2022-01-21 05:34:01','2022-01-21 05:34:01'),(1827,'2022-01-21 05:34:01','2022-01-21 05:34:01'),(1828,'2022-01-21 05:34:01','2022-01-21 05:34:01'),(1829,'2022-01-21 05:34:01','2022-01-21 05:34:01'),(1830,'2022-01-21 05:34:01','2022-01-21 05:34:01'),(1831,'2022-01-21 05:34:01','2022-01-21 05:34:01'),(1832,'2022-01-21 05:34:01','2022-01-21 05:34:01'),(1833,'2022-01-21 05:34:01','2022-01-21 05:34:01'),(1834,'2022-01-21 05:34:01','2022-01-21 05:34:01'),(1835,'2022-01-21 05:34:01','2022-01-21 05:34:01'),(1836,'2022-01-21 05:34:01','2022-01-21 05:34:01'),(1837,'2022-01-21 05:34:01','2022-01-21 05:34:01'),(1838,'2022-01-21 05:34:01','2022-01-21 05:34:01'),(1839,'2022-01-21 05:34:01','2022-01-21 05:34:01'),(1840,'2022-01-21 05:34:01','2022-01-21 05:34:01'),(1841,'2022-01-21 05:34:01','2022-01-21 05:34:01'),(1842,'2022-01-21 05:34:01','2022-01-21 05:34:01'),(1843,'2022-01-21 05:34:01','2022-01-21 05:34:01'),(1844,'2022-01-21 05:34:01','2022-01-21 05:34:01'),(1845,'2022-01-21 05:34:01','2022-01-21 05:34:01'),(1846,'2022-01-21 05:34:01','2022-01-21 05:34:01'),(1847,'2022-01-21 05:34:01','2022-01-21 05:34:01'),(1848,'2022-01-21 05:34:01','2022-01-21 05:34:01'),(1849,'2022-01-21 05:34:01','2022-01-21 05:34:01'),(1850,'2022-01-21 05:34:01','2022-01-21 05:34:01'),(1851,'2022-01-21 05:34:01','2022-01-21 05:34:01'),(1852,'2022-01-21 05:34:01','2022-01-21 05:34:01'),(1853,'2022-01-21 05:34:01','2022-01-21 05:34:01'),(1854,'2022-01-21 05:34:01','2022-01-21 05:34:01'),(1855,'2022-01-21 05:34:01','2022-01-21 05:34:01'),(1856,'2022-01-21 05:34:01','2022-01-21 05:34:01'),(1857,'2022-01-21 05:34:01','2022-01-21 05:34:01'),(1858,'2022-01-21 05:34:01','2022-01-21 05:34:01'),(1859,'2022-01-21 05:34:01','2022-01-21 05:34:01'),(1860,'2022-01-21 05:34:01','2022-01-21 05:34:01'),(1861,'2022-01-21 05:34:01','2022-01-21 05:34:01'),(1862,'2022-01-21 05:34:01','2022-01-21 05:34:01'),(1863,'2022-01-21 05:34:01','2022-01-21 05:34:01'),(1864,'2022-01-21 05:34:01','2022-01-21 05:34:01'),(1865,'2022-01-21 05:34:01','2022-01-21 05:34:01'),(1866,'2022-01-21 05:34:01','2022-01-21 05:34:01'),(1867,'2022-01-21 05:34:01','2022-01-21 05:34:01'),(1868,'2022-01-21 05:34:01','2022-01-21 05:34:01'),(1869,'2022-01-21 05:34:01','2022-01-21 05:34:01'),(1870,'2022-01-21 05:34:01','2022-01-21 05:34:01'),(1871,'2022-01-21 05:34:01','2022-01-21 05:34:01'),(1872,'2022-01-21 05:34:01','2022-01-21 05:34:01'),(1873,'2022-01-21 05:34:01','2022-01-21 05:34:01'),(1874,'2022-01-21 05:34:01','2022-01-21 05:34:01'),(1875,'2022-01-21 05:34:01','2022-01-21 05:34:01'),(1876,'2022-01-21 05:34:01','2022-01-21 05:34:01'),(1877,'2022-01-21 05:34:01','2022-01-21 05:34:01'),(1878,'2022-01-21 05:34:01','2022-01-21 05:34:01'),(1879,'2022-01-21 05:34:01','2022-01-21 05:34:01'),(1880,'2022-01-21 05:34:01','2022-01-21 05:34:01'),(1881,'2022-01-21 05:34:01','2022-01-21 05:34:01'),(1882,'2022-01-21 05:34:01','2022-01-21 05:34:01'),(1883,'2022-01-21 05:34:01','2022-01-21 05:34:01'),(1884,'2022-01-21 05:34:01','2022-01-21 05:34:01'),(1885,'2022-01-21 05:34:01','2022-01-21 05:34:01'),(1886,'2022-01-21 05:34:01','2022-01-21 05:34:01'),(1887,'2022-01-21 05:34:01','2022-01-21 05:34:01'),(1888,'2022-01-21 05:34:01','2022-01-21 05:34:01'),(1889,'2022-01-21 05:34:01','2022-01-21 05:34:01'),(1890,'2022-01-21 05:34:01','2022-01-21 05:34:01'),(1891,'2022-01-21 05:34:01','2022-01-21 05:34:01'),(1892,'2022-01-21 05:34:01','2022-01-21 05:34:01'),(1893,'2022-01-21 05:34:01','2022-01-21 05:34:01'),(1894,'2022-01-21 05:34:01','2022-01-21 05:34:01'),(1895,'2022-01-21 05:34:01','2022-01-21 05:34:01'),(1896,'2022-01-21 05:34:01','2022-01-21 05:34:01'),(1897,'2022-01-21 05:34:01','2022-01-21 05:34:01'),(1898,'2022-01-21 05:34:01','2022-01-21 05:34:01'),(1899,'2022-01-21 05:34:01','2022-01-21 05:34:01'),(1900,'2022-01-21 05:34:01','2022-01-21 05:34:01'),(1901,'2022-01-21 05:34:01','2022-01-21 05:34:01'),(1902,'2022-01-21 05:34:01','2022-01-21 05:34:01'),(1903,'2022-01-21 05:34:01','2022-01-21 05:34:01'),(1904,'2022-01-21 05:34:01','2022-01-21 05:34:01'),(1905,'2022-01-21 05:34:01','2022-01-21 05:34:01'),(1906,'2022-01-21 05:34:01','2022-01-21 05:34:01'),(1907,'2022-01-21 05:34:01','2022-01-21 05:34:01'),(1908,'2022-01-21 05:34:01','2022-01-21 05:34:01'),(1909,'2022-01-21 05:34:01','2022-01-21 05:34:01'),(1910,'2022-01-21 05:34:01','2022-01-21 05:34:01'),(1911,'2022-01-21 05:34:01','2022-01-21 05:34:01'),(1912,'2022-01-21 05:34:01','2022-01-21 05:34:01'),(1913,'2022-01-21 05:34:01','2022-01-21 05:34:01'),(1914,'2022-01-21 05:34:01','2022-01-21 05:34:01'),(1915,'2022-01-21 05:34:01','2022-01-21 05:34:01'),(1916,'2022-01-21 05:34:01','2022-01-21 05:34:01'),(1917,'2022-01-21 05:34:01','2022-01-21 05:34:01'),(1918,'2022-01-21 05:34:01','2022-01-21 05:34:01'),(1919,'2022-01-21 05:34:01','2022-01-21 05:34:01'),(1920,'2022-01-21 05:34:01','2022-01-21 05:34:01'),(1921,'2022-01-21 05:34:01','2022-01-21 05:34:01'),(1922,'2022-01-21 05:34:01','2022-01-21 05:34:01'),(1923,'2022-01-21 05:34:01','2022-01-21 05:34:01'),(1924,'2022-01-21 05:34:01','2022-01-21 05:34:01'),(1925,'2022-01-21 05:34:01','2022-01-21 05:34:01'),(1926,'2022-01-21 05:34:01','2022-01-21 05:34:01'),(1927,'2022-01-21 05:34:01','2022-01-21 05:34:01'),(1928,'2022-01-21 05:34:01','2022-01-21 05:34:01'),(1929,'2022-01-21 05:34:01','2022-01-21 05:34:01'),(1930,'2022-01-21 05:34:01','2022-01-21 05:34:01'),(1931,'2022-01-21 05:34:01','2022-01-21 05:34:01'),(1932,'2022-01-21 05:34:01','2022-01-21 05:34:01'),(1933,'2022-01-21 05:34:01','2022-01-21 05:34:01'),(1934,'2022-01-21 05:34:01','2022-01-21 05:34:01'),(1935,'2022-01-21 05:34:01','2022-01-21 05:34:01'),(1936,'2022-01-21 05:34:01','2022-01-21 05:34:01'),(1937,'2022-01-21 05:34:01','2022-01-21 05:34:01'),(1938,'2022-01-21 05:34:01','2022-01-21 05:34:01'),(1939,'2022-01-21 05:34:01','2022-01-21 05:34:01'),(1940,'2022-01-21 05:34:01','2022-01-21 05:34:01'),(1941,'2022-01-21 05:34:01','2022-01-21 05:34:01'),(1942,'2022-01-21 05:34:01','2022-01-21 05:34:01'),(1943,'2022-02-09 06:31:53','2022-02-09 06:31:53'),(1944,'2022-02-15 00:30:19','2022-02-15 00:30:19'),(1945,'2022-02-15 03:00:51','2022-02-15 03:00:51'),(1946,'2022-02-15 03:24:13','2022-02-15 03:24:13'),(1947,'2022-02-18 00:03:42','2022-02-18 00:03:42'),(1948,'2022-02-18 08:10:04','2022-02-18 08:10:04'),(1949,'2022-02-18 08:16:06','2022-02-18 08:16:06'),(1950,'2022-02-18 08:20:48','2022-02-18 08:20:48'),(1951,'2022-02-18 08:28:57','2022-02-18 08:28:57'),(1952,'2022-02-21 22:30:33','2022-02-21 22:30:33'),(1953,'2022-02-28 03:25:50','2022-02-28 03:25:50'),(1954,'2022-03-13 10:55:24','2022-03-13 10:55:24'),(1955,'2022-04-20 01:00:47','2022-04-20 01:00:47'),(1956,'2022-04-25 05:13:40','2022-04-25 05:13:40'),(1957,'2022-05-10 03:03:40','2022-05-10 03:03:40'),(1958,'2022-08-04 02:15:31','2022-08-04 02:15:31'),(1959,'2022-08-05 00:32:27','2022-08-05 00:32:27'),(1960,'2022-08-16 10:40:12','2022-08-16 10:40:12'),(1961,'2022-08-16 10:41:24','2022-08-16 10:41:24');
/*!40000 ALTER TABLE `clients_custom` ENABLE KEYS */;
UNLOCK TABLES;

--
-- Table structure for table `company_profiles`
--

DROP TABLE IF EXISTS `company_profiles`;
/*!40101 SET @saved_cs_client     = @@character_set_client */;
/*!50503 SET character_set_client = utf8mb4 */;
CREATE TABLE `company_profiles` (
  `id` int unsigned NOT NULL AUTO_INCREMENT,
  `created_at` timestamp NULL DEFAULT NULL,
  `updated_at` timestamp NULL DEFAULT NULL,
  `company` varchar(255) CHARACTER SET utf8mb3 COLLATE utf8mb3_unicode_ci DEFAULT NULL,
  `address` text CHARACTER SET utf8mb3 COLLATE utf8mb3_unicode_ci,
  `city` varchar(255) CHARACTER SET utf8mb3 COLLATE utf8mb3_unicode_ci DEFAULT NULL,
  `state` varchar(255) CHARACTER SET utf8mb3 COLLATE utf8mb3_unicode_ci DEFAULT NULL,
  `zip` varchar(255) CHARACTER SET utf8mb3 COLLATE utf8mb3_unicode_ci DEFAULT NULL,
  `country` varchar(255) CHARACTER SET utf8mb3 COLLATE utf8mb3_unicode_ci DEFAULT NULL,
  `phone` varchar(255) CHARACTER SET utf8mb3 COLLATE utf8mb3_unicode_ci DEFAULT NULL,
  `fax` varchar(255) CHARACTER SET utf8mb3 COLLATE utf8mb3_unicode_ci DEFAULT NULL,
  `mobile` varchar(255) CHARACTER SET utf8mb3 COLLATE utf8mb3_unicode_ci DEFAULT NULL,
  `web` varchar(255) CHARACTER SET utf8mb3 COLLATE utf8mb3_unicode_ci DEFAULT NULL,
  `logo` varchar(255) CHARACTER SET utf8mb3 COLLATE utf8mb3_unicode_ci DEFAULT NULL,
  `quote_template` varchar(255) CHARACTER SET utf8mb3 COLLATE utf8mb3_unicode_ci NOT NULL,
  `invoice_template` varchar(255) CHARACTER SET utf8mb3 COLLATE utf8mb3_unicode_ci NOT NULL,
  PRIMARY KEY (`id`)
) ENGINE=InnoDB AUTO_INCREMENT=2 DEFAULT CHARSET=utf8mb3 COLLATE=utf8mb3_unicode_ci;
/*!40101 SET character_set_client = @saved_cs_client */;

--
-- Dumping data for table `company_profiles`
--

LOCK TABLES `company_profiles` WRITE;
/*!40000 ALTER TABLE `company_profiles` DISABLE KEYS */;
INSERT INTO `company_profiles` VALUES (1,'2021-12-30 23:32:20','2022-01-19 06:53:34','Millennium Events','3104 Preston Hwy','Louisville','KY','40213','USA','502.618.2525','','','www.milleventsky.com','download.png','custom.blade.php','custom.blade.php');
/*!40000 ALTER TABLE `company_profiles` ENABLE KEYS */;
UNLOCK TABLES;

--
-- Table structure for table `company_profiles_custom`
--

DROP TABLE IF EXISTS `company_profiles_custom`;
/*!40101 SET @saved_cs_client     = @@character_set_client */;
/*!50503 SET character_set_client = utf8mb4 */;
CREATE TABLE `company_profiles_custom` (
  `company_profile_id` int NOT NULL,
  `created_at` timestamp NULL DEFAULT NULL,
  `updated_at` timestamp NULL DEFAULT NULL,
  PRIMARY KEY (`company_profile_id`)
) ENGINE=InnoDB DEFAULT CHARSET=utf8mb3 COLLATE=utf8mb3_unicode_ci;
/*!40101 SET character_set_client = @saved_cs_client */;

--
-- Dumping data for table `company_profiles_custom`
--

LOCK TABLES `company_profiles_custom` WRITE;
/*!40000 ALTER TABLE `company_profiles_custom` DISABLE KEYS */;
INSERT INTO `company_profiles_custom` VALUES (1,'2021-12-30 23:32:20','2021-12-30 23:32:20');
/*!40000 ALTER TABLE `company_profiles_custom` ENABLE KEYS */;
UNLOCK TABLES;

--
-- Table structure for table `contacts`
--

DROP TABLE IF EXISTS `contacts`;
/*!40101 SET @saved_cs_client     = @@character_set_client */;
/*!50503 SET character_set_client = utf8mb4 */;
CREATE TABLE `contacts` (
  `id` int unsigned NOT NULL AUTO_INCREMENT,
  `created_at` timestamp NULL DEFAULT NULL,
  `updated_at` timestamp NULL DEFAULT NULL,
  `client_id` int NOT NULL,
  `name` varchar(255) CHARACTER SET utf8mb3 COLLATE utf8mb3_unicode_ci NOT NULL,
  `email` varchar(255) CHARACTER SET utf8mb3 COLLATE utf8mb3_unicode_ci NOT NULL,
  `default_to` tinyint(1) NOT NULL,
  `default_cc` tinyint(1) NOT NULL,
  `default_bcc` tinyint(1) NOT NULL,
  PRIMARY KEY (`id`),
  KEY `contacts_client_id_index` (`client_id`)
) ENGINE=InnoDB AUTO_INCREMENT=7 DEFAULT CHARSET=utf8mb3 COLLATE=utf8mb3_unicode_ci;
/*!40101 SET character_set_client = @saved_cs_client */;

--
-- Dumping data for table `contacts`
--

LOCK TABLES `contacts` WRITE;
/*!40000 ALTER TABLE `contacts` DISABLE KEYS */;
INSERT INTO `contacts` VALUES (1,'2022-01-05 04:08:19','2022-01-18 02:29:34',30,'subham','subham.5ine@gmail.com',1,0,0),(2,'2022-01-18 02:33:23','2022-01-20 05:16:36',30,'subham s','sahasubham043@gmail.com',1,0,0),(3,'2022-02-18 00:21:03','2022-02-18 00:30:43',1947,'subham','subham.5ine123@gmail.com',1,0,0),(4,'2022-04-20 01:02:36','2022-04-20 01:02:46',1955,'manjunath','manjunath@samiteon.com',1,0,0),(5,'2022-05-10 03:04:15','2022-05-10 03:04:28',1957,'dinesh','dinesh@samiteon.com',0,1,0),(6,'2022-05-10 03:04:47','2022-05-10 03:04:50',1957,'bhaskar','bhaskar@samiteon.com',1,0,0);
/*!40000 ALTER TABLE `contacts` ENABLE KEYS */;
UNLOCK TABLES;

--
-- Table structure for table `currencies`
--

DROP TABLE IF EXISTS `currencies`;
/*!40101 SET @saved_cs_client     = @@character_set_client */;
/*!50503 SET character_set_client = utf8mb4 */;
CREATE TABLE `currencies` (
  `id` int unsigned NOT NULL AUTO_INCREMENT,
  `created_at` timestamp NULL DEFAULT NULL,
  `updated_at` timestamp NULL DEFAULT NULL,
  `code` varchar(255) CHARACTER SET utf8mb3 COLLATE utf8mb3_unicode_ci NOT NULL,
  `name` varchar(255) CHARACTER SET utf8mb3 COLLATE utf8mb3_unicode_ci NOT NULL,
  `symbol` varchar(255) CHARACTER SET utf8mb3 COLLATE utf8mb3_unicode_ci NOT NULL,
  `placement` varchar(255) CHARACTER SET utf8mb3 COLLATE utf8mb3_unicode_ci NOT NULL,
  `decimal` varchar(255) CHARACTER SET utf8mb3 COLLATE utf8mb3_unicode_ci NOT NULL,
  `thousands` varchar(255) CHARACTER SET utf8mb3 COLLATE utf8mb3_unicode_ci NOT NULL,
  PRIMARY KEY (`id`),
  KEY `currencies_name_index` (`name`)
) ENGINE=InnoDB AUTO_INCREMENT=6 DEFAULT CHARSET=utf8mb3 COLLATE=utf8mb3_unicode_ci;
/*!40101 SET character_set_client = @saved_cs_client */;

--
-- Dumping data for table `currencies`
--

LOCK TABLES `currencies` WRITE;
/*!40000 ALTER TABLE `currencies` DISABLE KEYS */;
INSERT INTO `currencies` VALUES (5,'2021-12-31 06:30:44','2021-12-31 06:30:44','USD','US Dollar','$','before','.',',');
/*!40000 ALTER TABLE `currencies` ENABLE KEYS */;
UNLOCK TABLES;

--
-- Table structure for table `custom_fields`
--

DROP TABLE IF EXISTS `custom_fields`;
/*!40101 SET @saved_cs_client     = @@character_set_client */;
/*!50503 SET character_set_client = utf8mb4 */;
CREATE TABLE `custom_fields` (
  `id` int unsigned NOT NULL AUTO_INCREMENT,
  `created_at` timestamp NULL DEFAULT NULL,
  `updated_at` timestamp NULL DEFAULT NULL,
  `tbl_name` varchar(255) CHARACTER SET utf8mb3 COLLATE utf8mb3_unicode_ci NOT NULL,
  `column_name` varchar(255) CHARACTER SET utf8mb3 COLLATE utf8mb3_unicode_ci NOT NULL,
  `field_label` varchar(255) CHARACTER SET utf8mb3 COLLATE utf8mb3_unicode_ci NOT NULL,
  `field_type` varchar(255) CHARACTER SET utf8mb3 COLLATE utf8mb3_unicode_ci NOT NULL,
  `field_meta` text CHARACTER SET utf8mb3 COLLATE utf8mb3_unicode_ci NOT NULL,
  `order_by` int DEFAULT '0',
  PRIMARY KEY (`id`),
  KEY `custom_fields_table_name_index` (`tbl_name`)
) ENGINE=InnoDB AUTO_INCREMENT=18 DEFAULT CHARSET=utf8mb3 COLLATE=utf8mb3_unicode_ci;
/*!40101 SET character_set_client = @saved_cs_client */;

--
-- Dumping data for table `custom_fields`
--

LOCK TABLES `custom_fields` WRITE;
/*!40000 ALTER TABLE `custom_fields` DISABLE KEYS */;
INSERT INTO `custom_fields` VALUES (1,'2022-01-09 23:37:38','2022-08-05 05:15:03','invoices','column_1','Contact','text','',4),(2,'2022-02-18 08:23:36','2022-08-05 05:14:21','invoices','column_2','Venue','text','',2),(3,'2022-02-18 08:23:49','2022-02-18 08:23:49','quotes','column_1','Venue','text','',0),(4,'2022-02-18 08:24:06','2022-02-18 08:24:06','quotes','column_2','Contact','text','',0),(5,'2022-02-18 10:57:34','2022-02-18 10:58:37','quotes','column_3','Designer','dropdown','Name',0),(6,'2022-05-02 03:48:27','2022-05-02 03:48:27','quotes','column_4','Email','text','',0),(7,'2022-05-02 03:49:05','2022-05-18 05:43:18','quotes','column_5','Event End Date','text','',0),(8,'2022-05-02 03:49:21','2022-05-18 05:42:59','quotes','column_6','Event Start Date','text','',0),(9,'2022-05-02 03:50:06','2022-05-02 03:50:06','quotes','column_7','Notes','textarea','',0),(10,'2022-05-02 03:50:40','2022-08-05 05:14:05','invoices','column_4','Designer','text','',1),(11,'2022-05-02 03:51:07','2022-08-05 05:14:52','invoices','column_3','Email','text','',3),(12,'2022-05-02 03:51:26','2022-08-05 05:15:37','invoices','column_5','Event End Date','text','',6),(13,'2022-05-02 03:51:36','2022-08-05 05:15:24','invoices','column_6','Event Start Date','text','',5),(15,'2022-05-09 04:16:42','2022-08-05 05:15:48','invoices','column_8','Load In Date','text','',7),(16,'2022-05-09 04:16:56','2022-08-05 05:15:57','invoices','column_9','Load Out Date','text','',8),(17,'2022-06-13 04:40:31','2022-08-05 05:16:12','invoices','column_10','Notes','textarea','',9);
/*!40000 ALTER TABLE `custom_fields` ENABLE KEYS */;
UNLOCK TABLES;

--
-- Table structure for table `expense_categories`
--

DROP TABLE IF EXISTS `expense_categories`;
/*!40101 SET @saved_cs_client     = @@character_set_client */;
/*!50503 SET character_set_client = utf8mb4 */;
CREATE TABLE `expense_categories` (
  `id` int unsigned NOT NULL AUTO_INCREMENT,
  `created_at` timestamp NULL DEFAULT NULL,
  `updated_at` timestamp NULL DEFAULT NULL,
  `name` varchar(255) CHARACTER SET utf8mb3 COLLATE utf8mb3_unicode_ci NOT NULL,
  PRIMARY KEY (`id`)
) ENGINE=InnoDB DEFAULT CHARSET=utf8mb3 COLLATE=utf8mb3_unicode_ci;
/*!40101 SET character_set_client = @saved_cs_client */;

--
-- Dumping data for table `expense_categories`
--

LOCK TABLES `expense_categories` WRITE;
/*!40000 ALTER TABLE `expense_categories` DISABLE KEYS */;
/*!40000 ALTER TABLE `expense_categories` ENABLE KEYS */;
UNLOCK TABLES;

--
-- Table structure for table `expense_vendors`
--

DROP TABLE IF EXISTS `expense_vendors`;
/*!40101 SET @saved_cs_client     = @@character_set_client */;
/*!50503 SET character_set_client = utf8mb4 */;
CREATE TABLE `expense_vendors` (
  `id` int unsigned NOT NULL AUTO_INCREMENT,
  `created_at` timestamp NULL DEFAULT NULL,
  `updated_at` timestamp NULL DEFAULT NULL,
  `name` varchar(255) CHARACTER SET utf8mb3 COLLATE utf8mb3_unicode_ci NOT NULL,
  PRIMARY KEY (`id`)
) ENGINE=InnoDB DEFAULT CHARSET=utf8mb3 COLLATE=utf8mb3_unicode_ci;
/*!40101 SET character_set_client = @saved_cs_client */;

--
-- Dumping data for table `expense_vendors`
--

LOCK TABLES `expense_vendors` WRITE;
/*!40000 ALTER TABLE `expense_vendors` DISABLE KEYS */;
/*!40000 ALTER TABLE `expense_vendors` ENABLE KEYS */;
UNLOCK TABLES;

--
-- Table structure for table `expenses`
--

DROP TABLE IF EXISTS `expenses`;
/*!40101 SET @saved_cs_client     = @@character_set_client */;
/*!50503 SET character_set_client = utf8mb4 */;
CREATE TABLE `expenses` (
  `id` int unsigned NOT NULL AUTO_INCREMENT,
  `created_at` timestamp NULL DEFAULT NULL,
  `updated_at` timestamp NULL DEFAULT NULL,
  `expense_date` date NOT NULL,
  `user_id` int NOT NULL,
  `category_id` int NOT NULL,
  `client_id` int NOT NULL,
  `vendor_id` int NOT NULL,
  `invoice_id` int NOT NULL,
  `description` varchar(255) CHARACTER SET utf8mb3 COLLATE utf8mb3_unicode_ci DEFAULT NULL,
  `amount` decimal(15,2) NOT NULL,
  `tax` decimal(20,4) NOT NULL,
  `company_profile_id` int NOT NULL,
  PRIMARY KEY (`id`),
  KEY `expenses_category_id_index` (`category_id`),
  KEY `expenses_client_id_index` (`client_id`),
  KEY `expenses_vendor_id_index` (`vendor_id`),
  KEY `expenses_invoice_id_index` (`invoice_id`),
  KEY `expenses_company_profile_id_index` (`company_profile_id`)
) ENGINE=InnoDB DEFAULT CHARSET=utf8mb3 COLLATE=utf8mb3_unicode_ci;
/*!40101 SET character_set_client = @saved_cs_client */;

--
-- Dumping data for table `expenses`
--

LOCK TABLES `expenses` WRITE;
/*!40000 ALTER TABLE `expenses` DISABLE KEYS */;
/*!40000 ALTER TABLE `expenses` ENABLE KEYS */;
UNLOCK TABLES;

--
-- Table structure for table `expenses_custom`
--

DROP TABLE IF EXISTS `expenses_custom`;
/*!40101 SET @saved_cs_client     = @@character_set_client */;
/*!50503 SET character_set_client = utf8mb4 */;
CREATE TABLE `expenses_custom` (
  `expense_id` int NOT NULL,
  `created_at` timestamp NULL DEFAULT NULL,
  `updated_at` timestamp NULL DEFAULT NULL,
  PRIMARY KEY (`expense_id`)
) ENGINE=InnoDB DEFAULT CHARSET=utf8mb3 COLLATE=utf8mb3_unicode_ci;
/*!40101 SET character_set_client = @saved_cs_client */;

--
-- Dumping data for table `expenses_custom`
--

LOCK TABLES `expenses_custom` WRITE;
/*!40000 ALTER TABLE `expenses_custom` DISABLE KEYS */;
/*!40000 ALTER TABLE `expenses_custom` ENABLE KEYS */;
UNLOCK TABLES;

--
-- Table structure for table `groups`
--

DROP TABLE IF EXISTS `groups`;
/*!40101 SET @saved_cs_client     = @@character_set_client */;
/*!50503 SET character_set_client = utf8mb4 */;
CREATE TABLE `groups` (
  `id` int unsigned NOT NULL AUTO_INCREMENT,
  `created_at` timestamp NULL DEFAULT NULL,
  `updated_at` timestamp NULL DEFAULT NULL,
  `name` varchar(255) CHARACTER SET utf8mb3 COLLATE utf8mb3_unicode_ci NOT NULL,
  `next_id` int NOT NULL DEFAULT '1',
  `left_pad` int NOT NULL DEFAULT '0',
  `format` varchar(255) CHARACTER SET utf8mb3 COLLATE utf8mb3_unicode_ci NOT NULL,
  `reset_number` int NOT NULL,
  `last_id` int NOT NULL,
  `last_year` int NOT NULL,
  `last_month` int NOT NULL,
  `last_week` int NOT NULL,
  `last_number` varchar(255) CHARACTER SET utf8mb3 COLLATE utf8mb3_unicode_ci NOT NULL,
  PRIMARY KEY (`id`)
) ENGINE=InnoDB AUTO_INCREMENT=3 DEFAULT CHARSET=utf8mb3 COLLATE=utf8mb3_unicode_ci;
/*!40101 SET character_set_client = @saved_cs_client */;

--
-- Dumping data for table `groups`
--

LOCK TABLES `groups` WRITE;
/*!40000 ALTER TABLE `groups` DISABLE KEYS */;
INSERT INTO `groups` VALUES (1,NULL,'2022-08-10 03:25:06','Invoice Default',90,0,'INV{NUMBER}',0,89,2022,8,32,'INV89'),(2,NULL,'2022-08-16 10:41:24','Quote Default',118,0,'QUO{NUMBER}',0,117,2022,8,33,'QUO117');
/*!40000 ALTER TABLE `groups` ENABLE KEYS */;
UNLOCK TABLES;

--
-- Table structure for table `inventory_category`
--

DROP TABLE IF EXISTS `inventory_category`;
/*!40101 SET @saved_cs_client     = @@character_set_client */;
/*!50503 SET character_set_client = utf8mb4 */;
CREATE TABLE `inventory_category` (
  `id` int NOT NULL AUTO_INCREMENT,
  `name` varchar(255) NOT NULL,
  `created_at` timestamp NULL DEFAULT NULL,
  `updated_at` timestamp NULL DEFAULT NULL,
  PRIMARY KEY (`id`)
) ENGINE=InnoDB AUTO_INCREMENT=7 DEFAULT CHARSET=utf8mb4 COLLATE=utf8mb4_0900_ai_ci;
/*!40101 SET character_set_client = @saved_cs_client */;

--
-- Dumping data for table `inventory_category`
--

LOCK TABLES `inventory_category` WRITE;
/*!40000 ALTER TABLE `inventory_category` DISABLE KEYS */;
INSERT INTO `inventory_category` VALUES (3,'ACCENT TABLES','2022-05-25 02:58:00','2022-05-25 02:58:00'),(4,'CONTAINERS','2022-05-25 02:58:14','2022-05-25 02:58:14'),(5,'test edit','2022-05-30 01:08:23','2022-05-30 01:08:32'),(6,'FLORAL ACCENTS','2022-08-03 03:20:06','2022-08-03 03:20:06');
/*!40000 ALTER TABLE `inventory_category` ENABLE KEYS */;
UNLOCK TABLES;

--
-- Table structure for table `inventory_color`
--

DROP TABLE IF EXISTS `inventory_color`;
/*!40101 SET @saved_cs_client     = @@character_set_client */;
/*!50503 SET character_set_client = utf8mb4 */;
CREATE TABLE `inventory_color` (
  `id` int NOT NULL AUTO_INCREMENT,
  `name` varchar(255) NOT NULL,
  `created_at` timestamp NULL DEFAULT NULL,
  `updated_at` timestamp NULL DEFAULT NULL,
  PRIMARY KEY (`id`)
) ENGINE=InnoDB AUTO_INCREMENT=33 DEFAULT CHARSET=utf8mb4 COLLATE=utf8mb4_0900_ai_ci;
/*!40101 SET character_set_client = @saved_cs_client */;

--
-- Dumping data for table `inventory_color`
--

LOCK TABLES `inventory_color` WRITE;
/*!40000 ALTER TABLE `inventory_color` DISABLE KEYS */;
INSERT INTO `inventory_color` VALUES (1,'Red','2022-05-30 00:35:06','2022-08-10 10:18:47'),(2,'Crimson','2022-08-10 10:20:57','2022-08-10 10:20:57'),(3,'Blue','2022-08-10 10:21:05','2022-08-10 10:21:05'),(4,'Aqua','2022-08-10 10:21:13','2022-08-10 10:21:13'),(5,'Navy','2022-08-10 10:21:40','2022-08-10 10:21:40'),(6,'Royal Blue','2022-08-10 10:22:16','2022-08-10 10:22:16'),(7,'Turquoise','2022-08-10 10:23:31','2022-08-10 10:23:31'),(8,'Teal','2022-08-10 10:23:34','2022-08-10 10:23:34'),(9,'Slate Blue','2022-08-10 10:23:45','2022-08-10 10:23:45'),(10,'Sky Blue','2022-08-10 10:23:51','2022-08-10 10:23:51'),(11,'Tiffany','2022-08-10 10:23:55','2022-08-10 10:23:55'),(12,'Cornflower','2022-08-10 10:24:01','2022-08-10 10:24:01'),(13,'Baby Blue','2022-08-10 10:24:05','2022-08-10 10:24:05'),(14,'Marine Blue','2022-08-10 10:24:10','2022-08-10 10:24:10'),(15,'Purple','2022-08-10 10:24:28','2022-08-10 10:24:28'),(16,'Plum','2022-08-10 10:24:31','2022-08-10 10:24:31'),(17,'Lavender','2022-08-10 10:24:36','2022-08-10 10:24:36'),(18,'Maroon','2022-08-10 10:24:41','2022-08-10 10:24:41'),(19,'Pink','2022-08-10 10:25:00','2022-08-10 10:25:00'),(20,'Ice Pink','2022-08-10 10:25:04','2022-08-10 10:25:04'),(21,'Fuchsia','2022-08-10 10:25:10','2022-08-10 10:25:10'),(22,'Rose Gold','2022-08-10 10:25:16','2022-08-10 10:25:16'),(23,'Coral','2022-08-10 10:25:19','2022-08-10 10:25:19'),(24,'Blush','2022-08-10 10:25:24','2022-08-10 10:25:24'),(25,'Magenta','2022-08-10 10:25:29','2022-08-10 10:25:29'),(26,'White','2022-08-10 10:25:33','2022-08-10 10:25:33'),(27,'Ivory','2022-08-10 10:25:37','2022-08-10 10:25:37'),(28,'White Wash','2022-08-10 10:25:42','2022-08-10 10:25:42'),(29,'Brown','2022-08-10 10:25:46','2022-08-10 10:25:46'),(30,'Bronze','2022-08-10 10:25:50','2022-08-10 10:25:50'),(31,'Copper','2022-08-10 10:27:04','2022-08-10 10:27:04'),(32,'Beige','2022-08-10 10:27:12','2022-08-10 10:27:12');
/*!40000 ALTER TABLE `inventory_color` ENABLE KEYS */;
UNLOCK TABLES;

--
-- Table structure for table `inventory_group_list`
--

DROP TABLE IF EXISTS `inventory_group_list`;
/*!40101 SET @saved_cs_client     = @@character_set_client */;
/*!50503 SET character_set_client = utf8mb4 */;
CREATE TABLE `inventory_group_list` (
  `id` int unsigned NOT NULL AUTO_INCREMENT,
  `created_at` timestamp NULL DEFAULT NULL,
  `updated_at` timestamp NULL DEFAULT NULL,
  `name` varchar(255) NOT NULL,
  `summary` varchar(255) DEFAULT NULL,
  `total` decimal(20,4) NOT NULL DEFAULT '0.0000',
  `custom_price` decimal(20,4) DEFAULT '0.0000',
  PRIMARY KEY (`id`)
) ENGINE=InnoDB AUTO_INCREMENT=4 DEFAULT CHARSET=utf8mb4 COLLATE=utf8mb4_0900_ai_ci;
/*!40101 SET character_set_client = @saved_cs_client */;

--
-- Dumping data for table `inventory_group_list`
--

LOCK TABLES `inventory_group_list` WRITE;
/*!40000 ALTER TABLE `inventory_group_list` DISABLE KEYS */;
INSERT INTO `inventory_group_list` VALUES (1,'2022-06-20 04:08:25','2022-08-10 01:48:38','test','ttttest',69.0000,70.0000),(2,'2022-06-23 08:47:12','2022-08-17 00:19:48','back stage','',99.0000,0.0000),(3,'2022-08-01 02:13:10','2022-08-17 00:20:01','test with barcode','',69.0000,0.0000);
/*!40000 ALTER TABLE `inventory_group_list` ENABLE KEYS */;
UNLOCK TABLES;

--
-- Table structure for table `inventory_group_list_amounts`
--

DROP TABLE IF EXISTS `inventory_group_list_amounts`;
/*!40101 SET @saved_cs_client     = @@character_set_client */;
/*!50503 SET character_set_client = utf8mb4 */;
CREATE TABLE `inventory_group_list_amounts` (
  `id` int unsigned NOT NULL AUTO_INCREMENT,
  `created_at` timestamp NULL DEFAULT NULL,
  `updated_at` timestamp NULL DEFAULT NULL,
  `inventory_group_list_id` int NOT NULL,
  `total` decimal(20,4) NOT NULL DEFAULT '0.0000',
  PRIMARY KEY (`id`)
) ENGINE=InnoDB DEFAULT CHARSET=utf8mb4 COLLATE=utf8mb4_0900_ai_ci;
/*!40101 SET character_set_client = @saved_cs_client */;

--
-- Dumping data for table `inventory_group_list_amounts`
--

LOCK TABLES `inventory_group_list_amounts` WRITE;
/*!40000 ALTER TABLE `inventory_group_list_amounts` DISABLE KEYS */;
/*!40000 ALTER TABLE `inventory_group_list_amounts` ENABLE KEYS */;
UNLOCK TABLES;

--
-- Table structure for table `inventory_group_list_item_amounts`
--

DROP TABLE IF EXISTS `inventory_group_list_item_amounts`;
/*!40101 SET @saved_cs_client     = @@character_set_client */;
/*!50503 SET character_set_client = utf8mb4 */;
CREATE TABLE `inventory_group_list_item_amounts` (
  `id` int unsigned NOT NULL AUTO_INCREMENT,
  `created_at` timestamp NULL DEFAULT NULL,
  `updated_at` timestamp NULL DEFAULT NULL,
  `item_id` int NOT NULL,
  `total` decimal(20,4) NOT NULL DEFAULT '0.0000',
  PRIMARY KEY (`id`)
) ENGINE=InnoDB DEFAULT CHARSET=utf8mb4 COLLATE=utf8mb4_0900_ai_ci;
/*!40101 SET character_set_client = @saved_cs_client */;

--
-- Dumping data for table `inventory_group_list_item_amounts`
--

LOCK TABLES `inventory_group_list_item_amounts` WRITE;
/*!40000 ALTER TABLE `inventory_group_list_item_amounts` DISABLE KEYS */;
/*!40000 ALTER TABLE `inventory_group_list_item_amounts` ENABLE KEYS */;
UNLOCK TABLES;

--
-- Table structure for table `inventory_group_list_items`
--

DROP TABLE IF EXISTS `inventory_group_list_items`;
/*!40101 SET @saved_cs_client     = @@character_set_client */;
/*!50503 SET character_set_client = utf8mb4 */;
CREATE TABLE `inventory_group_list_items` (
  `id` int unsigned NOT NULL AUTO_INCREMENT,
  `created_at` timestamp NULL DEFAULT NULL,
  `updated_at` timestamp NULL DEFAULT NULL,
  `inventory_group_list_id` int NOT NULL,
  `name` varchar(255) CHARACTER SET utf8mb3 COLLATE utf8mb3_unicode_ci NOT NULL,
  `description` text CHARACTER SET utf8mb3 COLLATE utf8mb3_unicode_ci NOT NULL,
  `quantity` decimal(20,4) NOT NULL DEFAULT '0.0000',
  `display_order` int NOT NULL DEFAULT '0',
  `price` decimal(20,4) NOT NULL DEFAULT '0.0000',
  `inventory_id` int DEFAULT NULL,
  PRIMARY KEY (`id`)
) ENGINE=InnoDB AUTO_INCREMENT=6 DEFAULT CHARSET=utf8mb4 COLLATE=utf8mb4_0900_ai_ci;
/*!40101 SET character_set_client = @saved_cs_client */;

--
-- Dumping data for table `inventory_group_list_items`
--

LOCK TABLES `inventory_group_list_items` WRITE;
/*!40000 ALTER TABLE `inventory_group_list_items` DISABLE KEYS */;
INSERT INTO `inventory_group_list_items` VALUES (1,'2022-06-20 04:08:25','2022-08-10 01:48:38',1,'FULL SILVER MEDIUM METAL ROUND TABLE','',1.0000,0,69.0000,16),(3,'2022-06-23 08:47:12','2022-08-17 00:19:48',2,'IVORY WOOD SIDE TABLE W/DRAWER','',1.0000,0,99.0000,18),(5,'2022-08-01 02:13:10','2022-08-17 00:20:01',3,'FULL SILVER MEDIUM METAL ROUND TABLE','',1.0000,0,69.0000,16);
/*!40000 ALTER TABLE `inventory_group_list_items` ENABLE KEYS */;
UNLOCK TABLES;

--
-- Table structure for table `inventory_item_location`
--

DROP TABLE IF EXISTS `inventory_item_location`;
/*!40101 SET @saved_cs_client     = @@character_set_client */;
/*!50503 SET character_set_client = utf8mb4 */;
CREATE TABLE `inventory_item_location` (
  `id` int NOT NULL AUTO_INCREMENT,
  `name` varchar(255) NOT NULL,
  `inventory_location_id` int NOT NULL,
  `created_at` timestamp NULL DEFAULT NULL,
  `updated_at` timestamp NULL DEFAULT NULL,
  PRIMARY KEY (`id`)
) ENGINE=InnoDB AUTO_INCREMENT=14 DEFAULT CHARSET=utf8mb4 COLLATE=utf8mb4_0900_ai_ci;
/*!40101 SET character_set_client = @saved_cs_client */;

--
-- Dumping data for table `inventory_item_location`
--

LOCK TABLES `inventory_item_location` WRITE;
/*!40000 ALTER TABLE `inventory_item_location` DISABLE KEYS */;
INSERT INTO `inventory_item_location` VALUES (2,'B1-A-L1-01',2,'2022-05-25 03:00:16','2022-05-25 03:00:16'),(3,'B2-A-L2-01',3,'2022-05-25 03:00:38','2022-05-25 03:00:38'),(4,'B2-A-L2-04',3,'2022-05-25 03:00:55','2022-05-25 03:00:55'),(5,'test edit',4,'2022-05-30 01:21:25','2022-05-30 01:21:33'),(6,'B1-A-L1-04',5,'2022-08-03 03:20:06','2022-08-03 03:20:06'),(7,'B1-A-L2-01',5,'2022-08-03 03:20:06','2022-08-03 03:20:06'),(8,'B1-A-L2-02',5,'2022-08-03 03:20:06','2022-08-03 03:20:06'),(9,'B1-A-L2-03',5,'2022-08-03 03:20:06','2022-08-03 03:20:06'),(10,'B1-A-L2-04',5,'2022-08-03 03:20:06','2022-08-03 03:20:06'),(11,'B1-A-L2-05',5,'2022-08-03 03:20:06','2022-08-03 03:20:06'),(12,'B1-A-L2-14',5,'2022-08-03 06:42:01','2022-08-03 06:42:01'),(13,'B1-A-L2-15',5,'2022-08-03 06:42:01','2022-08-03 06:42:01');
/*!40000 ALTER TABLE `inventory_item_location` ENABLE KEYS */;
UNLOCK TABLES;

--
-- Table structure for table `inventory_location`
--

DROP TABLE IF EXISTS `inventory_location`;
/*!40101 SET @saved_cs_client     = @@character_set_client */;
/*!50503 SET character_set_client = utf8mb4 */;
CREATE TABLE `inventory_location` (
  `id` int NOT NULL AUTO_INCREMENT,
  `name` varchar(255) NOT NULL,
  `created_at` timestamp NULL DEFAULT NULL,
  `updated_at` timestamp NULL DEFAULT NULL,
  PRIMARY KEY (`id`)
) ENGINE=InnoDB AUTO_INCREMENT=8 DEFAULT CHARSET=utf8mb4 COLLATE=utf8mb4_0900_ai_ci;
/*!40101 SET character_set_client = @saved_cs_client */;

--
-- Dumping data for table `inventory_location`
--

LOCK TABLES `inventory_location` WRITE;
/*!40000 ALTER TABLE `inventory_location` DISABLE KEYS */;
INSERT INTO `inventory_location` VALUES (2,'Bay-1 (Decorative)','2022-05-25 02:59:34','2022-05-25 02:59:34'),(3,'Bay-2 (Tables & Chairs)','2022-05-25 02:59:47','2022-05-25 02:59:47'),(4,'Bay 4 (Poles)','2022-05-30 01:15:30','2022-08-10 11:26:44'),(5,'Bay 3 (Panels and Walls)','2022-08-03 03:20:06','2022-08-10 11:25:47'),(6,'Bay 5 (Specialty)','2022-08-10 11:27:21','2022-08-10 11:27:21'),(7,'Linen Room','2022-08-10 11:27:42','2022-08-10 11:27:42');
/*!40000 ALTER TABLE `inventory_location` ENABLE KEYS */;
UNLOCK TABLES;

--
-- Table structure for table `inventory_style`
--

DROP TABLE IF EXISTS `inventory_style`;
/*!40101 SET @saved_cs_client     = @@character_set_client */;
/*!50503 SET character_set_client = utf8mb4 */;
CREATE TABLE `inventory_style` (
  `id` int NOT NULL AUTO_INCREMENT,
  `name` varchar(255) NOT NULL,
  `created_at` timestamp NULL DEFAULT NULL,
  `updated_at` timestamp NULL DEFAULT NULL,
  PRIMARY KEY (`id`)
) ENGINE=InnoDB AUTO_INCREMENT=6 DEFAULT CHARSET=utf8mb4 COLLATE=utf8mb4_0900_ai_ci;
/*!40101 SET character_set_client = @saved_cs_client */;

--
-- Dumping data for table `inventory_style`
--

LOCK TABLES `inventory_style` WRITE;
/*!40000 ALTER TABLE `inventory_style` DISABLE KEYS */;
INSERT INTO `inventory_style` VALUES (1,'test','2022-05-30 00:35:17','2022-05-30 00:35:17'),(2,'new test','2022-05-30 01:39:56','2022-05-30 01:39:56'),(3,'METAL','2022-08-03 03:20:06','2022-08-03 03:20:06'),(4,'MIRROR','2022-08-03 03:20:06','2022-08-03 03:20:06'),(5,'GLASS','2022-08-03 03:20:06','2022-08-03 03:20:06');
/*!40000 ALTER TABLE `inventory_style` ENABLE KEYS */;
UNLOCK TABLES;

--
-- Table structure for table `inventory_sub_category`
--

DROP TABLE IF EXISTS `inventory_sub_category`;
/*!40101 SET @saved_cs_client     = @@character_set_client */;
/*!50503 SET character_set_client = utf8mb4 */;
CREATE TABLE `inventory_sub_category` (
  `id` int NOT NULL AUTO_INCREMENT,
  `name` varchar(255) NOT NULL,
  `inventory_category_id` int NOT NULL,
  `created_at` timestamp NULL DEFAULT NULL,
  `updated_at` timestamp NULL DEFAULT NULL,
  PRIMARY KEY (`id`)
) ENGINE=InnoDB AUTO_INCREMENT=8 DEFAULT CHARSET=utf8mb4 COLLATE=utf8mb4_0900_ai_ci;
/*!40101 SET character_set_client = @saved_cs_client */;

--
-- Dumping data for table `inventory_sub_category`
--

LOCK TABLES `inventory_sub_category` WRITE;
/*!40000 ALTER TABLE `inventory_sub_category` DISABLE KEYS */;
INSERT INTO `inventory_sub_category` VALUES (4,'COFFEE TABLE',3,'2022-05-25 02:58:42','2022-05-25 02:58:42'),(5,'SIDE TABLE',3,'2022-05-25 02:58:57','2022-05-25 02:58:57'),(6,'FLORAL',4,'2022-05-25 02:59:13','2022-05-25 02:59:13'),(7,'test edit',5,'2022-05-30 01:19:38','2022-05-30 01:19:46');
/*!40000 ALTER TABLE `inventory_sub_category` ENABLE KEYS */;
UNLOCK TABLES;

--
-- Table structure for table `invoice_amounts`
--

DROP TABLE IF EXISTS `invoice_amounts`;
/*!40101 SET @saved_cs_client     = @@character_set_client */;
/*!50503 SET character_set_client = utf8mb4 */;
CREATE TABLE `invoice_amounts` (
  `id` int unsigned NOT NULL AUTO_INCREMENT,
  `created_at` timestamp NULL DEFAULT NULL,
  `updated_at` timestamp NULL DEFAULT NULL,
  `invoice_id` int NOT NULL,
  `subtotal` decimal(20,4) NOT NULL DEFAULT '0.0000',
  `discount` decimal(20,4) NOT NULL DEFAULT '0.0000',
  `tax` decimal(20,4) NOT NULL DEFAULT '0.0000',
  `total` decimal(20,4) NOT NULL DEFAULT '0.0000',
  `paid` decimal(20,4) NOT NULL DEFAULT '0.0000',
  `balance` decimal(20,4) NOT NULL DEFAULT '0.0000',
  PRIMARY KEY (`id`),
  KEY `invoice_amounts_invoice_id_index` (`invoice_id`)
) ENGINE=InnoDB AUTO_INCREMENT=103 DEFAULT CHARSET=utf8mb3 COLLATE=utf8mb3_unicode_ci;
/*!40101 SET character_set_client = @saved_cs_client */;

--
-- Dumping data for table `invoice_amounts`
--

LOCK TABLES `invoice_amounts` WRITE;
/*!40000 ALTER TABLE `invoice_amounts` DISABLE KEYS */;
INSERT INTO `invoice_amounts` VALUES (96,'2022-06-03 06:32:19','2022-06-03 06:32:50',96,73.5000,0.0000,5.1450,78.6450,0.0000,78.6500),(97,'2022-06-03 06:33:32','2022-06-03 06:35:14',97,268.0000,0.0000,18.7600,286.7600,0.0000,286.7600),(98,'2022-06-13 03:36:38','2022-07-04 04:28:04',98,69.0000,0.0000,4.8300,73.8300,0.0000,73.8300),(99,'2022-06-28 00:38:04','2022-08-03 06:38:42',99,398.0000,0.0000,27.8600,425.8600,430.6800,-4.8200),(100,'2022-08-04 02:18:26','2022-08-10 02:22:39',100,25.0000,0.0000,1.5000,26.5000,0.0000,26.5000),(101,'2022-08-08 02:55:36','2022-08-08 02:56:31',101,10.0000,0.0000,0.0000,10.0000,0.0000,10.0000),(102,'2022-08-10 03:25:06','2022-08-10 03:26:00',102,10.0000,0.0000,0.0000,10.0000,0.0000,10.0000);
/*!40000 ALTER TABLE `invoice_amounts` ENABLE KEYS */;
UNLOCK TABLES;

--
-- Table structure for table `invoice_group_lists`
--

DROP TABLE IF EXISTS `invoice_group_lists`;
/*!40101 SET @saved_cs_client     = @@character_set_client */;
/*!50503 SET character_set_client = utf8mb4 */;
CREATE TABLE `invoice_group_lists` (
  `id` int unsigned NOT NULL AUTO_INCREMENT,
  `created_at` timestamp NULL DEFAULT NULL,
  `updated_at` timestamp NULL DEFAULT NULL,
  `name` varchar(255) NOT NULL,
  `description` text,
  `total` decimal(20,4) NOT NULL DEFAULT '0.0000',
  `inventory_group_list_id` int DEFAULT NULL,
  `invoice_id` int DEFAULT NULL,
  `quantity` int NOT NULL DEFAULT '0',
  `display_order` int NOT NULL DEFAULT '0',
  `price` decimal(20,4) DEFAULT '0.0000',
  PRIMARY KEY (`id`)
) ENGINE=InnoDB AUTO_INCREMENT=12 DEFAULT CHARSET=utf8mb4 COLLATE=utf8mb4_0900_ai_ci;
/*!40101 SET character_set_client = @saved_cs_client */;

--
-- Dumping data for table `invoice_group_lists`
--

LOCK TABLES `invoice_group_lists` WRITE;
/*!40000 ALTER TABLE `invoice_group_lists` DISABLE KEYS */;
INSERT INTO `invoice_group_lists` VALUES (5,'2022-06-28 00:39:41','2022-08-03 06:38:27','back stage','',99.0000,2,99,1,1,0.0000),(6,'2022-07-04 04:28:04','2022-07-04 04:28:04','back stage','',99.0000,2,98,1,1,0.0000),(7,'2022-08-03 06:38:27','2022-08-03 06:38:27','null','',0.0000,0,99,0,1,0.0000),(10,'2022-08-08 02:56:27','2022-08-08 02:56:31','back stage','',99.0000,0,101,1,1,99.0000),(11,'2022-08-10 02:22:39','2022-08-10 02:22:39','back stage','',99.0000,2,100,1,1,99.0000);
/*!40000 ALTER TABLE `invoice_group_lists` ENABLE KEYS */;
UNLOCK TABLES;

--
-- Table structure for table `invoice_item_amounts`
--

DROP TABLE IF EXISTS `invoice_item_amounts`;
/*!40101 SET @saved_cs_client     = @@character_set_client */;
/*!50503 SET character_set_client = utf8mb4 */;
CREATE TABLE `invoice_item_amounts` (
  `id` int unsigned NOT NULL AUTO_INCREMENT,
  `created_at` timestamp NULL DEFAULT NULL,
  `updated_at` timestamp NULL DEFAULT NULL,
  `item_id` int NOT NULL,
  `subtotal` decimal(20,4) NOT NULL DEFAULT '0.0000',
  `tax_1` decimal(20,4) NOT NULL DEFAULT '0.0000',
  `tax_2` decimal(20,4) NOT NULL DEFAULT '0.0000',
  `tax` decimal(20,4) NOT NULL DEFAULT '0.0000',
  `total` decimal(20,4) NOT NULL DEFAULT '0.0000',
  PRIMARY KEY (`id`),
  KEY `invoice_item_amounts_item_id_index` (`item_id`)
) ENGINE=InnoDB AUTO_INCREMENT=105 DEFAULT CHARSET=utf8mb3 COLLATE=utf8mb3_unicode_ci;
/*!40101 SET character_set_client = @saved_cs_client */;

--
-- Dumping data for table `invoice_item_amounts`
--

LOCK TABLES `invoice_item_amounts` WRITE;
/*!40000 ALTER TABLE `invoice_item_amounts` DISABLE KEYS */;
INSERT INTO `invoice_item_amounts` VALUES (91,'2022-06-03 06:32:19','2022-06-03 06:32:50',91,69.0000,4.8300,0.0000,4.8300,73.8300),(92,'2022-06-03 06:32:19','2022-06-03 06:32:50',92,4.5000,0.3150,0.0000,0.3150,4.8150),(93,'2022-06-03 06:33:32','2022-06-03 06:35:14',93,199.0000,13.9300,0.0000,13.9300,212.9300),(94,'2022-06-03 06:33:32','2022-06-03 06:35:14',94,69.0000,4.8300,0.0000,4.8300,73.8300),(96,'2022-06-27 03:31:20','2022-07-04 04:28:04',96,69.0000,4.8300,0.0000,4.8300,73.8300),(97,'2022-06-28 00:39:41','2022-08-03 06:38:42',97,398.0000,27.8600,0.0000,27.8600,425.8600),(99,'2022-08-04 02:18:26','2022-08-10 02:22:39',99,15.0000,0.9000,0.0000,0.9000,15.9000),(100,'2022-08-04 02:18:26','2022-08-10 02:22:39',100,10.0000,0.6000,0.0000,0.6000,10.6000),(103,'2022-08-08 02:56:09','2022-08-08 02:56:31',103,10.0000,0.0000,0.0000,0.0000,10.0000),(104,'2022-08-10 03:25:47','2022-08-10 03:26:00',104,10.0000,0.0000,0.0000,0.0000,10.0000);
/*!40000 ALTER TABLE `invoice_item_amounts` ENABLE KEYS */;
UNLOCK TABLES;

--
-- Table structure for table `invoice_items`
--

DROP TABLE IF EXISTS `invoice_items`;
/*!40101 SET @saved_cs_client     = @@character_set_client */;
/*!50503 SET character_set_client = utf8mb4 */;
CREATE TABLE `invoice_items` (
  `id` int unsigned NOT NULL AUTO_INCREMENT,
  `created_at` timestamp NULL DEFAULT NULL,
  `updated_at` timestamp NULL DEFAULT NULL,
  `invoice_id` int NOT NULL,
  `tax_rate_id` int NOT NULL,
  `tax_rate_2_id` int NOT NULL DEFAULT '0',
  `name` varchar(255) CHARACTER SET utf8mb3 COLLATE utf8mb3_unicode_ci NOT NULL,
  `description` text CHARACTER SET utf8mb3 COLLATE utf8mb3_unicode_ci NOT NULL,
  `quantity` decimal(20,4) NOT NULL DEFAULT '0.0000',
  `display_order` int NOT NULL DEFAULT '0',
  `price` decimal(20,4) NOT NULL DEFAULT '0.0000',
  `inventory_id` int DEFAULT NULL,
  PRIMARY KEY (`id`),
  KEY `invoice_items_invoice_id_index` (`invoice_id`),
  KEY `invoice_items_tax_rate_id_index` (`tax_rate_id`),
  KEY `invoice_items_display_order_index` (`display_order`),
  KEY `invoice_items_tax_rate_2_id_index` (`tax_rate_2_id`),
  KEY `invoice_items_inventory_id_index` (`inventory_id`) USING BTREE
) ENGINE=InnoDB AUTO_INCREMENT=105 DEFAULT CHARSET=utf8mb3 COLLATE=utf8mb3_unicode_ci;
/*!40101 SET character_set_client = @saved_cs_client */;

--
-- Dumping data for table `invoice_items`
--

LOCK TABLES `invoice_items` WRITE;
/*!40000 ALTER TABLE `invoice_items` DISABLE KEYS */;
INSERT INTO `invoice_items` VALUES (91,'2022-06-03 06:32:19','2022-06-03 06:32:50',96,1,0,'FULL SILVER MEDIUM METAL ROUND TABLE','',1.0000,1,69.0000,16),(92,'2022-06-03 06:32:19','2022-06-03 06:32:50',96,1,0,'GATHERING VASE','',1.0000,2,4.5000,17),(93,'2022-06-03 06:33:32','2022-06-03 06:35:14',97,1,0,'BLACK/GOLD TIERED COFFEE TABLE','',1.0000,1,199.0000,15),(94,'2022-06-03 06:33:32','2022-06-03 06:35:14',97,1,0,'FULL SILVER MEDIUM METAL ROUND TABLE','',1.0000,2,69.0000,16),(96,'2022-06-27 03:31:20','2022-07-04 04:28:04',98,1,0,'FULL SILVER MEDIUM METAL ROUND TABLE','',1.0000,1,69.0000,16),(97,'2022-06-28 00:39:41','2022-08-03 06:38:27',99,1,0,'BLACK/GOLD TIERED COFFEE TABLE','',2.0000,1,199.0000,15),(99,'2022-08-04 02:18:26','2022-08-10 02:22:39',100,2,0,'CRYSTAL MIRROR TRAY','',1.0000,1,15.0000,24),(100,'2022-08-04 02:18:26','2022-08-10 02:22:39',100,2,0,'HAND SCULPTURE GOLD','',1.0000,2,10.0000,22),(103,'2022-08-08 02:56:09','2022-08-08 02:56:31',101,0,0,'GOLD METAL CIRCLE VASE','',1.0000,1,10.0000,27),(104,'2022-08-10 03:25:47','2022-08-10 03:26:00',102,0,0,'FLAT HAND SCULPTURE GOLD','',1.0000,1,10.0000,22);
/*!40000 ALTER TABLE `invoice_items` ENABLE KEYS */;
UNLOCK TABLES;

--
-- Table structure for table `invoice_tax_rates`
--

DROP TABLE IF EXISTS `invoice_tax_rates`;
/*!40101 SET @saved_cs_client     = @@character_set_client */;
/*!50503 SET character_set_client = utf8mb4 */;
CREATE TABLE `invoice_tax_rates` (
  `id` int unsigned NOT NULL AUTO_INCREMENT,
  `created_at` timestamp NULL DEFAULT NULL,
  `updated_at` timestamp NULL DEFAULT NULL,
  `invoice_id` int NOT NULL,
  `tax_rate_id` int NOT NULL,
  `include_item_tax` tinyint(1) NOT NULL DEFAULT '0',
  `tax_total` decimal(15,2) NOT NULL DEFAULT '0.00',
  PRIMARY KEY (`id`),
  KEY `invoice_tax_rates_invoice_id_index` (`invoice_id`),
  KEY `invoice_tax_rates_tax_rate_id_index` (`tax_rate_id`)
) ENGINE=InnoDB DEFAULT CHARSET=utf8mb3 COLLATE=utf8mb3_unicode_ci;
/*!40101 SET character_set_client = @saved_cs_client */;

--
-- Dumping data for table `invoice_tax_rates`
--

LOCK TABLES `invoice_tax_rates` WRITE;
/*!40000 ALTER TABLE `invoice_tax_rates` DISABLE KEYS */;
/*!40000 ALTER TABLE `invoice_tax_rates` ENABLE KEYS */;
UNLOCK TABLES;

--
-- Table structure for table `invoice_transactions`
--

DROP TABLE IF EXISTS `invoice_transactions`;
/*!40101 SET @saved_cs_client     = @@character_set_client */;
/*!50503 SET character_set_client = utf8mb4 */;
CREATE TABLE `invoice_transactions` (
  `id` int unsigned NOT NULL AUTO_INCREMENT,
  `created_at` timestamp NULL DEFAULT NULL,
  `updated_at` timestamp NULL DEFAULT NULL,
  `invoice_id` int NOT NULL,
  `is_successful` tinyint(1) NOT NULL,
  `transaction_reference` varchar(255) CHARACTER SET utf8mb3 COLLATE utf8mb3_unicode_ci DEFAULT NULL,
  PRIMARY KEY (`id`)
) ENGINE=InnoDB DEFAULT CHARSET=utf8mb3 COLLATE=utf8mb3_unicode_ci;
/*!40101 SET character_set_client = @saved_cs_client */;

--
-- Dumping data for table `invoice_transactions`
--

LOCK TABLES `invoice_transactions` WRITE;
/*!40000 ALTER TABLE `invoice_transactions` DISABLE KEYS */;
/*!40000 ALTER TABLE `invoice_transactions` ENABLE KEYS */;
UNLOCK TABLES;

--
-- Table structure for table `invoices`
--

DROP TABLE IF EXISTS `invoices`;
/*!40101 SET @saved_cs_client     = @@character_set_client */;
/*!50503 SET character_set_client = utf8mb4 */;
CREATE TABLE `invoices` (
  `id` int unsigned NOT NULL AUTO_INCREMENT,
  `created_at` timestamp NULL DEFAULT NULL,
  `updated_at` timestamp NULL DEFAULT NULL,
  `invoice_date` date NOT NULL,
  `user_id` int NOT NULL,
  `client_id` int NOT NULL,
  `group_id` int NOT NULL,
  `invoice_status_id` int NOT NULL,
  `due_at` date NOT NULL,
  `event_date` date NOT NULL,
  `number` varchar(255) CHARACTER SET utf8mb3 COLLATE utf8mb3_unicode_ci NOT NULL,
  `terms` text CHARACTER SET utf8mb3 COLLATE utf8mb3_unicode_ci,
  `footer` text CHARACTER SET utf8mb3 COLLATE utf8mb3_unicode_ci,
  `url_key` varchar(255) CHARACTER SET utf8mb3 COLLATE utf8mb3_unicode_ci NOT NULL,
  `currency_code` varchar(255) CHARACTER SET utf8mb3 COLLATE utf8mb3_unicode_ci DEFAULT NULL,
  `exchange_rate` decimal(10,7) NOT NULL DEFAULT '1.0000000',
  `template` varchar(255) CHARACTER SET utf8mb3 COLLATE utf8mb3_unicode_ci DEFAULT NULL,
  `summary` varchar(255) CHARACTER SET utf8mb3 COLLATE utf8mb3_unicode_ci DEFAULT NULL,
  `viewed` tinyint(1) NOT NULL DEFAULT '0',
  `discount` decimal(15,2) NOT NULL DEFAULT '0.00',
  `company_profile_id` int NOT NULL,
  PRIMARY KEY (`id`),
  KEY `invoices_user_id_index` (`user_id`),
  KEY `invoices_client_id_index` (`client_id`),
  KEY `invoices_invoice_group_id_index` (`group_id`),
  KEY `invoices_invoice_status_id_index` (`invoice_status_id`),
  KEY `invoices_company_profile_id_index` (`company_profile_id`)
) ENGINE=InnoDB AUTO_INCREMENT=103 DEFAULT CHARSET=utf8mb3 COLLATE=utf8mb3_unicode_ci;
/*!40101 SET character_set_client = @saved_cs_client */;

--
-- Dumping data for table `invoices`
--

LOCK TABLES `invoices` WRITE;
/*!40000 ALTER TABLE `invoices` DISABLE KEYS */;
INSERT INTO `invoices` VALUES (96,'2022-06-03 06:32:19','2022-06-03 06:32:19','2022-06-03',2,1955,1,1,'2022-05-13','2022-06-03','INV105','','','7RhNXXo6bDi0BRIAm3rRHEIplpABuqlf','USD',1.0000000,'custom.blade.php','',0,0.00,1),(97,'2022-06-03 06:33:32','2022-06-03 06:34:12','2022-06-03',2,1955,1,3,'2022-06-04','2022-06-25','INV106','','','i3kxOsxGdtj8RsFgS4FeAXPfXDUxLlTH','USD',1.0000000,'custom.blade.php','UAT Demo for Millennium',0,0.00,1),(98,'2022-06-13 03:36:38','2022-06-13 03:36:38','2022-06-13',2,1955,1,1,'2022-05-23','2022-06-13','INV107','','','sIKbkaJ5ANUgn1qHEySu2A1PnmXnTQFb','USD',1.0000000,'custom.blade.php','',0,0.00,1),(99,'2022-06-28 00:38:04','2022-08-03 06:38:42','2022-06-28',2,1943,1,0,'2022-06-07','2022-06-28','INV86','','','OH9IU3jkAs64plC4JwCBIfrv03qDHjNI','USD',1.0000000,'custom.blade.php','',0,0.00,1),(100,'2022-08-04 02:18:26','2022-08-04 02:19:38','2022-08-04',2,1958,1,3,'2022-07-28','2022-08-18','INV109','','','AVYVOGP0p112bygRaMcVroGS5S1IGR9h','USD',1.0000000,'custom.blade.php','',0,0.00,1),(101,'2022-08-08 02:55:36','2022-08-08 02:55:47','2022-08-08',2,1955,1,1,'2022-07-18','2022-08-08','INV88','','','FMyz1FSJVc3qQaxaORC3UgwFxA6hC8KN','USD',1.0000000,'custom.blade.php','',0,0.00,1),(102,'2022-08-10 03:25:06','2022-08-10 03:25:18','2022-09-30',2,1955,1,1,'2022-09-10','2022-10-01','INV89','','','VALUKMCutt4h8txXCE12U9wy4nYjftTB','USD',1.0000000,'custom.blade.php','',0,0.00,1);
/*!40000 ALTER TABLE `invoices` ENABLE KEYS */;
UNLOCK TABLES;

--
-- Table structure for table `invoices_custom`
--

DROP TABLE IF EXISTS `invoices_custom`;
/*!40101 SET @saved_cs_client     = @@character_set_client */;
/*!50503 SET character_set_client = utf8mb4 */;
CREATE TABLE `invoices_custom` (
  `invoice_id` int NOT NULL,
  `created_at` timestamp NULL DEFAULT NULL,
  `updated_at` timestamp NULL DEFAULT NULL,
  `column_1` varchar(255) CHARACTER SET utf8mb3 COLLATE utf8mb3_unicode_ci DEFAULT NULL,
  `column_2` varchar(255) CHARACTER SET utf8mb3 COLLATE utf8mb3_unicode_ci DEFAULT NULL,
  `column_3` varchar(255) COLLATE utf8mb3_unicode_ci DEFAULT NULL,
  `column_4` varchar(255) COLLATE utf8mb3_unicode_ci DEFAULT NULL,
  `column_5` varchar(255) COLLATE utf8mb3_unicode_ci DEFAULT NULL,
  `column_6` varchar(255) COLLATE utf8mb3_unicode_ci DEFAULT NULL,
  `column_8` varchar(255) COLLATE utf8mb3_unicode_ci DEFAULT NULL,
  `column_9` varchar(255) COLLATE utf8mb3_unicode_ci DEFAULT NULL,
  `column_10` text COLLATE utf8mb3_unicode_ci,
  PRIMARY KEY (`invoice_id`)
) ENGINE=InnoDB DEFAULT CHARSET=utf8mb3 COLLATE=utf8mb3_unicode_ci;
/*!40101 SET character_set_client = @saved_cs_client */;

--
-- Dumping data for table `invoices_custom`
--

LOCK TABLES `invoices_custom` WRITE;
/*!40000 ALTER TABLE `invoices_custom` DISABLE KEYS */;
INSERT INTO `invoices_custom` VALUES (96,'2022-06-03 06:32:19','2022-06-03 06:32:50','','','','','2022-06-03 09:15','2022-06-03 08:00','2022-06-03 08:00','2022-06-03 09:15',NULL),(97,'2022-06-03 06:33:32','2022-06-03 06:35:14','','','','','2022-06-26 09:15','2022-06-25 08:15','2022-06-25 08:00','2022-06-26 08:00',NULL),(98,'2022-06-13 03:36:38','2022-06-27 03:12:47','','','','','2022-06-30 08:00','2022-06-27 08:00','2022-06-26 08:00','2022-07-01 08:00',''),(99,'2022-06-28 00:38:04','2022-06-28 00:39:41','','','','','2022-08-07 08:00','2022-08-06 08:30','2022-08-06 08:00','2022-08-07 08:00',''),(100,'2022-08-04 02:18:26','2022-08-04 02:20:17','','','','','2022-08-18 08:00','2022-08-17 08:00','2022-08-16 08:00','2022-08-19 08:00','fsdfsd'),(101,'2022-08-08 02:55:36','2022-08-08 02:56:09','','','','','2022-08-16 08:00','2022-08-09 08:00','2022-08-07 08:00','2022-08-22 08:00',''),(102,'2022-08-10 03:25:06','2022-08-10 03:26:00','','','','','2022-10-01 12:00','2022-10-01 12:00','2022-09-30 08:00','2022-11-02 08:00','');
/*!40000 ALTER TABLE `invoices_custom` ENABLE KEYS */;
UNLOCK TABLES;

--
-- Table structure for table `item_lookups`
--

DROP TABLE IF EXISTS `item_lookups`;
/*!40101 SET @saved_cs_client     = @@character_set_client */;
/*!50503 SET character_set_client = utf8mb4 */;
CREATE TABLE `item_lookups` (
  `id` int unsigned NOT NULL AUTO_INCREMENT,
  `created_at` timestamp NULL DEFAULT NULL,
  `updated_at` timestamp NULL DEFAULT NULL,
  `name` varchar(255) CHARACTER SET utf8mb3 COLLATE utf8mb3_unicode_ci NOT NULL,
  `description` text CHARACTER SET utf8mb3 COLLATE utf8mb3_unicode_ci NOT NULL,
  `price` decimal(20,4) NOT NULL DEFAULT '0.0000',
  `tax_rate_id` int NOT NULL DEFAULT '0',
  `tax_rate_2_id` int NOT NULL DEFAULT '0',
  `available` int NOT NULL DEFAULT '0',
  `allocated` int NOT NULL DEFAULT '0',
  `reserved` int NOT NULL DEFAULT '0',
  `total` int NOT NULL DEFAULT '0',
  `category` varchar(500) CHARACTER SET utf8mb3 COLLATE utf8mb3_unicode_ci DEFAULT NULL,
  `sub-category` varchar(500) CHARACTER SET utf8mb3 COLLATE utf8mb3_unicode_ci DEFAULT NULL,
  `product-name-customer` varchar(500) CHARACTER SET utf8mb3 COLLATE utf8mb3_unicode_ci DEFAULT NULL,
  `product-name-employee` varchar(500) CHARACTER SET utf8mb3 COLLATE utf8mb3_unicode_ci DEFAULT NULL,
  `location` varchar(500) CHARACTER SET utf8mb3 COLLATE utf8mb3_unicode_ci DEFAULT NULL,
  `purchase-price` varchar(500) CHARACTER SET utf8mb3 COLLATE utf8mb3_unicode_ci DEFAULT NULL,
  `purchase-date` varchar(500) CHARACTER SET utf8mb3 COLLATE utf8mb3_unicode_ci DEFAULT NULL,
  `placement` varchar(500) CHARACTER SET utf8mb3 COLLATE utf8mb3_unicode_ci DEFAULT NULL,
  `height` varchar(500) CHARACTER SET utf8mb3 COLLATE utf8mb3_unicode_ci DEFAULT NULL,
  `length` varchar(500) CHARACTER SET utf8mb3 COLLATE utf8mb3_unicode_ci DEFAULT NULL,
  `width` varchar(500) CHARACTER SET utf8mb3 COLLATE utf8mb3_unicode_ci DEFAULT NULL,
  `color` varchar(500) CHARACTER SET utf8mb3 COLLATE utf8mb3_unicode_ci DEFAULT NULL,
  `style` varchar(500) COLLATE utf8mb3_unicode_ci DEFAULT NULL,
  `item-location` varchar(500) COLLATE utf8mb3_unicode_ci DEFAULT NULL,
  PRIMARY KEY (`id`),
  KEY `item_lookups_tax_rate_id_index` (`tax_rate_id`),
  KEY `item_lookups_tax_rate_2_id_index` (`tax_rate_2_id`)
) ENGINE=InnoDB AUTO_INCREMENT=29 DEFAULT CHARSET=utf8mb3 COLLATE=utf8mb3_unicode_ci;
/*!40101 SET character_set_client = @saved_cs_client */;

--
-- Dumping data for table `item_lookups`
--

LOCK TABLES `item_lookups` WRITE;
/*!40000 ALTER TABLE `item_lookups` DISABLE KEYS */;
INSERT INTO `item_lookups` VALUES (15,'2022-05-25 03:04:04','2022-08-03 03:15:47','BLACK/GOLD TIERED COFFEE TABLE','',199.0000,1,0,2,0,0,2,'ACCENT TABLES','COFFEE TABLE','','','Bay-2 (Tables & Chairs)','199','','','','','','red','new test','B2-A-L2-01'),(16,'2022-05-25 03:04:59','2022-05-25 03:04:59','FULL SILVER MEDIUM METAL ROUND TABLE','',69.0000,1,0,2,0,0,2,'ACCENT TABLES','COFFEE TABLE','','','Bay-2 (Tables & Chairs)','69','','','','','','',NULL,'B2-A-L2-01'),(17,'2022-05-25 03:06:04','2022-05-25 03:06:04','GATHERING VASE','',4.5000,1,0,12,0,0,12,'CONTAINERS','FLORAL','','','Bay-1 (Decorative)','4.50','','','','','','',NULL,'B1-A-L1-01'),(18,'2022-05-25 03:06:57','2022-08-10 01:59:16','IVORY WOOD SIDE TABLE W/DRAWER','',99.0000,1,0,2,0,0,2,'ACCENT TABLES','SIDE TABLE','','','Bay-2 (Tables & Chairs)','99','','','','','','red','test','B2-A-L2-04'),(19,'2022-05-25 03:07:44','2022-05-25 03:07:44','ROUND GOLD COFFEE TABLE','',125.0000,1,0,6,0,0,6,'ACCENT TABLES','COFFEE TABLE','','','Bay-2 (Tables & Chairs)','125','','','','','','',NULL,'B2-A-L2-01'),(20,'2022-08-03 03:17:06','2022-08-03 03:20:06','SMALL BLACK SMOKE VASE','',8.0000,2,0,50,0,0,2,'CONTAINERS','','','','BAY 1','12.99','2018','sfdfsd','0.10 FEET','0.4 1/2 FEET','0.4 1/2 FEET','BLACK','GLASS','B1-A-L2-05'),(21,'2022-08-03 03:20:06','2022-08-03 03:20:06','HAND SCULPTURE GOLD','',16.0000,0,0,0,0,0,5,'FLORAL ACCENTS','',NULL,NULL,'BAY 1','15.75','2019',NULL,'0.7 FEET','0.8 FEET','0.6 FEET','GOLD','METAL','B1-A-L1-04'),(22,'2022-08-03 03:20:06','2022-08-03 03:20:06','FLAT HAND SCULPTURE GOLD','',10.0000,0,0,0,0,0,18,'FLORAL ACCENTS','',NULL,NULL,'BAY 1','15.75','2019',NULL,'0.4 FEET','0.9 FEET','0.5 FEET','GOLD','METAL','B1-A-L1-04'),(23,'2022-08-03 03:20:06','2022-08-03 03:20:06','GOLD TRAY','',15.0000,0,0,0,0,0,5,'FLORAL ACCENTS','',NULL,NULL,'BAY 1','15.00','2017',NULL,'0.1 FEET','1 FEET 3 INCH','1 FEET 3 INCH','GOLD','METAL','B1-A-L2-01'),(24,'2022-08-03 03:20:06','2022-08-03 03:20:06','CRYSTAL MIRROR TRAY','',15.0000,0,0,0,0,0,12,'FLORAL ACCENTS','',NULL,NULL,'BAY 1','19.99','2015',NULL,'0.1 FEET','1 FEET 3 INCH','1 FEET 3 INCH','SILVER','MIRROR','B1-A-L2-02'),(25,'2022-08-03 03:20:06','2022-08-03 03:20:06','METAL FLOWER BOWL','',20.0000,0,0,0,0,0,1,'FLORAL ACCENTS','',NULL,NULL,'BAY 1','15.00','2013',NULL,'0.4 FEET','1 FEET 5 INCH','1 FEET 5 INCH','SILVER','METAL','B1-A-L2-03'),(26,'2022-08-03 03:20:06','2022-08-03 03:20:06','LARGE BLACK SMOKE VASE','',10.0000,0,0,0,0,0,3,'CONTAINERS','',NULL,NULL,'BAY 1','12.99','2018',NULL,'0.11 FEET','0.6 FEET','0.6 FEET','BLACK','GLASS','B1-A-L2-04'),(27,'2022-08-03 06:42:01','2022-08-03 06:42:01','GOLD METAL CIRCLE VASE','',10.0000,0,0,0,0,0,14,'FLORAL ACCENTS','',NULL,NULL,'BAY 1','12.99','2020',NULL,'0.8 FEET','0.8 FEET','0.2 FEET','GOLD','METAL','B1-A-L2-14'),(28,'2022-08-03 06:42:01','2022-08-03 06:42:01','RED METAL TRUCK','',7.5000,0,0,0,0,0,1,'FLORAL ACCENTS','',NULL,NULL,'BAY 1','24.99','',NULL,'','','','RED','METAL','B1-A-L2-15');
/*!40000 ALTER TABLE `item_lookups` ENABLE KEYS */;
UNLOCK TABLES;

--
-- Table structure for table `mail_queue`
--

DROP TABLE IF EXISTS `mail_queue`;
/*!40101 SET @saved_cs_client     = @@character_set_client */;
/*!50503 SET character_set_client = utf8mb4 */;
CREATE TABLE `mail_queue` (
  `id` int unsigned NOT NULL AUTO_INCREMENT,
  `created_at` timestamp NULL DEFAULT NULL,
  `updated_at` timestamp NULL DEFAULT NULL,
  `mailable_id` int NOT NULL,
  `mailable_type` varchar(255) CHARACTER SET utf8mb3 COLLATE utf8mb3_unicode_ci NOT NULL,
  `from` varchar(255) CHARACTER SET utf8mb3 COLLATE utf8mb3_unicode_ci NOT NULL,
  `to` varchar(255) CHARACTER SET utf8mb3 COLLATE utf8mb3_unicode_ci NOT NULL,
  `cc` varchar(255) CHARACTER SET utf8mb3 COLLATE utf8mb3_unicode_ci NOT NULL,
  `bcc` varchar(255) CHARACTER SET utf8mb3 COLLATE utf8mb3_unicode_ci NOT NULL,
  `subject` varchar(255) CHARACTER SET utf8mb3 COLLATE utf8mb3_unicode_ci NOT NULL,
  `body` longtext CHARACTER SET utf8mb3 COLLATE utf8mb3_unicode_ci NOT NULL,
  `attach_pdf` tinyint(1) NOT NULL,
  `sent` tinyint(1) NOT NULL,
  `error` text CHARACTER SET utf8mb3 COLLATE utf8mb3_unicode_ci,
  PRIMARY KEY (`id`)
) ENGINE=InnoDB AUTO_INCREMENT=183 DEFAULT CHARSET=utf8mb3 COLLATE=utf8mb3_unicode_ci;
/*!40101 SET character_set_client = @saved_cs_client */;

--
-- Dumping data for table `mail_queue`
--

LOCK TABLES `mail_queue` WRITE;
/*!40000 ALTER TABLE `mail_queue` DISABLE KEYS */;
INSERT INTO `mail_queue` VALUES (117,'2022-02-18 08:12:58','2022-02-18 08:12:59',71,'FI\\Modules\\Invoices\\Models\\Invoice','{\"email\":\"srp@samiteon.com\",\"name\":\"Santosh\"}','[\"srp@samiteon.com\"]','[\"srp@samiteon.com\"]','[]','Invoice #INV87','<p>To view your invoice from Santosh for $1,498.00, click the link below:</p>\n\n<p><a href=\"https://5ineprojects.com/FusionInvoice/client_center/invoice/QXbLp1dHomERcDr12tZsyJDqeYurWAIy\">https://5ineprojects.com/FusionInvoice/client_center/invoice/QXbLp1dHomERcDr12tZsyJDqeYurWAIy</a></p>\n\n<p>The validity of the invoice is till 03/20/2022. Please note that the order is not confirmed till deposit is made.</p>',1,1,NULL),(118,'2022-02-18 08:13:16','2022-02-18 08:13:17',71,'FI\\Modules\\Invoices\\Models\\Invoice','{\"email\":\"srp@samiteon.com\",\"name\":\"Santosh\"}','[\"srp@samiteon.com\"]','[\"srp@samiteon.com\"]','[]','Invoice #INV87','<p>To view your invoice from Santosh for $1,498.00, click the link below:</p>\n\n<p><a href=\"https://5ineprojects.com/FusionInvoice/client_center/invoice/QXbLp1dHomERcDr12tZsyJDqeYurWAIy\">https://5ineprojects.com/FusionInvoice/client_center/invoice/QXbLp1dHomERcDr12tZsyJDqeYurWAIy</a></p>\n\n<p>The validity of the invoice is till 03/20/2022. Please note that the order is not confirmed till deposit is made.</p>',1,1,NULL),(121,'2022-03-07 02:17:36','2022-03-07 02:17:37',80,'FI\\Modules\\Invoices\\Models\\Invoice','{\"email\":\"srp@samiteon.com\",\"name\":\"Santosh\"}','[\"subham.5ine@gmail.com\",\"sahasubham043@gmail.com\"]','[\"srp@samiteon.com\"]','[]','Invoice #INV95','<p>To view your invoice from Santosh for $856.00, click the link below:</p>\n\n<p><a href=\"https://5ineprojects.com/FusionInvoice/client_center/invoice/cmkBVFKInYlNPD8VTWYaHI3IiGy3xAST\">https://5ineprojects.com/FusionInvoice/client_center/invoice/cmkBVFKInYlNPD8VTWYaHI3IiGy3xAST</a></p>\n\n<p>The validity of the invoice is till 04/06/2022. Please note that the order is not confirmed till deposit is made.</p>',1,1,NULL),(122,'2022-04-25 00:42:14','2022-04-25 00:42:15',84,'FI\\Modules\\Invoices\\Models\\Invoice','{\"email\":\"admin@fusion.com\",\"name\":\"Ajay G\"}','[\"manjunath@samiteon.com\"]','[\"admin@fusion.com\"]','[]','Invoice #INV71','<p>To view your invoice from Ajay G for $64,350.00, click the link below:</p>\n\n<p><a href=\"https://5ineprojects.com/FusionInvoice/client_center/invoice/VjAaPE0H5IeoLbvcxuRpRRV539u0axSJ\">https://5ineprojects.com/FusionInvoice/client_center/invoice/VjAaPE0H5IeoLbvcxuRpRRV539u0axSJ</a></p>\n\n<p>The validity of the invoice is till 04/04/2022. Please note that the order is not confirmed till deposit is made.</p>',1,1,NULL),(123,'2022-04-25 00:44:30','2022-04-25 00:44:31',118,'FI\\Modules\\Quotes\\Models\\Quote','{\"email\":\"admin@fusion.com\",\"name\":\"Ajay G\"}','[\"manjunath@samiteon.com\"]','[\"admin@fusion.com\"]','[]','Quote #QUO98','<p>To view your quote from Ajay G for $10,486.00, click the link below:</p>\n\n<p><a href=\"https://5ineprojects.com/FusionInvoice/client_center/quote/RUaq9u7viO7NYAX0T9taoAbzZS795dwZ\">https://5ineprojects.com/FusionInvoice/client_center/quote/RUaq9u7viO7NYAX0T9taoAbzZS795dwZ</a></p>\n\n<p>The validity of the quote is till 05/10/2022. Please note that the order is not confirmed till deposit is made.</p>',1,1,NULL),(124,'2022-04-25 05:19:12','2022-04-25 05:19:12',119,'FI\\Modules\\Quotes\\Models\\Quote','{\"email\":\"admin@fusion.com\",\"name\":\"Ajay G\"}','[\"rupsy@samiteon.com\"]','[\"admin@fusion.com\"]','[]','Quote #QUO99','<p>To view your quote from Ajay G for $0.00, click the link below:</p>\n\n<p><a href=\"https://5ineprojects.com/FusionInvoice/client_center/quote/CBKc695wSsr1oPIOXgjdwy8081qO065s\">https://5ineprojects.com/FusionInvoice/client_center/quote/CBKc695wSsr1oPIOXgjdwy8081qO065s</a></p>\n\n<p>The validity of the quote is till 05/10/2022. Please note that the order is not confirmed till deposit is made.</p>',1,1,NULL),(125,'2022-04-25 06:59:15','2022-04-25 06:59:16',85,'FI\\Modules\\Invoices\\Models\\Invoice','{\"email\":\"admin@fusion.com\",\"name\":\"Ajay G\"}','[\"rupsy@samiteon.com\"]','[\"admin@fusion.com\"]','[]','Invoice #INV99','<p>To view your invoice from Ajay G for $856.00, click the link below:</p>\n\n<p><a href=\"https://5ineprojects.com/FusionInvoice/client_center/invoice/mZ1m2FAqXOJ0fNC0svtZcQLEu5624xhA\">https://5ineprojects.com/FusionInvoice/client_center/invoice/mZ1m2FAqXOJ0fNC0svtZcQLEu5624xhA</a></p>\n\n<p>The validity of the invoice is till 04/04/2022. Please note that the order is not confirmed till deposit is made.</p>',1,1,NULL),(126,'2022-04-25 07:14:40','2022-04-25 07:14:40',118,'FI\\Modules\\Quotes\\Models\\Quote','{\"email\":\"admin@fusion.com\",\"name\":\"Ajay G\"}','\"admin@fusion.com\"','[]','[]','Notification: Quote Status Change','<p><a href=\"https://5ineprojects.com/FusionInvoice/client_center/quote/RUaq9u7viO7NYAX0T9taoAbzZS795dwZ\">Quote #QUO98</a> has been APPROVED.</p>',1,0,NULL),(127,'2022-05-04 00:53:20','2022-05-04 00:53:20',87,'FI\\Modules\\Invoices\\Models\\Invoice','{\"email\":\"admin@fusion.com\",\"name\":\"Ajay G\"}','[\"manjunath@samiteon.com\"]','[\"admin@fusion.com\"]','[]','Invoice #INV74','<p>To view your invoice from Ajay G for $2,206.00, click the link below:</p>\n\n<p><a href=\"http://uat-fusion.samiteon.com/client_center/invoice/SyugoqQREHcIo7U9fknHmRYqVfpnLsdX\">http://uat-fusion.samiteon.com/client_center/invoice/SyugoqQREHcIo7U9fknHmRYqVfpnLsdX</a></p>\n\n<p>The validity of the invoice is till 04/25/2022. Please note that the order is not confirmed till deposit is made.</p>',1,0,NULL),(128,'2022-05-04 00:55:50','2022-05-04 00:55:50',88,'FI\\Modules\\Invoices\\Models\\Invoice','{\"email\":\"admin@fusion.com\",\"name\":\"Ajay G\"}','[\"manjunath@samiteon.com\"]','[\"admin@fusion.com\"]','[]','Invoice #INV75','<p>To view your invoice from Ajay G for $214.00, click the link below:</p>\n\n<p><a href=\"http://uat-fusion.samiteon.com/client_center/invoice/n82xF02FWEbZC6ZYRD0hvvRu168ZQ0cb\">http://uat-fusion.samiteon.com/client_center/invoice/n82xF02FWEbZC6ZYRD0hvvRu168ZQ0cb</a></p>\n\n<p>The validity of the invoice is till 04/13/2022. Please note that the order is not confirmed till deposit is made.</p>',1,0,NULL),(129,'2022-05-09 07:00:05','2022-05-09 07:00:05',89,'FI\\Modules\\Invoices\\Models\\Invoice','{\"email\":\"admin@fusion.com\",\"name\":\"Ajay G\"}','[\"scwilhem@yahoo.com\"]','[\"admin@fusion.com\"]','[]','Invoice #INV76','<p>To view your invoice from Ajay G for $0.00, click the link below:</p>\n\n<p><a href=\"http://uat-fusion.samiteon.com/index.php/client_center/invoice/NJN1sK8acs28YSrJoXgGleJ2W6cz7bej\">http://uat-fusion.samiteon.com/index.php/client_center/invoice/NJN1sK8acs28YSrJoXgGleJ2W6cz7bej</a></p>\n\n<p>The validity of the invoice is till 04/18/2022. Please note that the order is not confirmed till deposit is made.</p>',1,0,NULL),(130,'2022-05-10 03:15:28','2022-05-10 03:15:28',91,'FI\\Modules\\Invoices\\Models\\Invoice','{\"email\":\"admin@fusion.com\",\"name\":\"Ajay G\"}','[\"dinesh@samiteon.com\",\"bhaskar@samiteon.com\"]','[\"dinesh@samiteon.com\",\"admin@fusion.com\"]','[]','Invoice #INV102','<p>To view your invoice from Ajay G for $6,234.00, click the link below:</p>\n\n<p><a href=\"http://uat-fusion.samiteon.com/index.php/client_center/invoice/ueBI4dQZiP8CtJ5FA9uqy12lIOlzfJMs\">http://uat-fusion.samiteon.com/index.php/client_center/invoice/ueBI4dQZiP8CtJ5FA9uqy12lIOlzfJMs</a></p>\n\n<p>The validity of the invoice is till 04/30/2022. Please note that the order is not confirmed till deposit is made.</p>',1,0,NULL),(131,'2022-05-10 03:15:52','2022-05-10 03:15:52',91,'FI\\Modules\\Invoices\\Models\\Invoice','{\"email\":\"admin@fusion.com\",\"name\":\"Ajay G\"}','[\"srp@samiteon.com\"]','[]','[]','Invoice #INV102','<p>To view your invoice from Ajay G for $6,234.00, click the link below:</p>\n\n<p><a href=\"http://uat-fusion.samiteon.com/index.php/client_center/invoice/ueBI4dQZiP8CtJ5FA9uqy12lIOlzfJMs\">http://uat-fusion.samiteon.com/index.php/client_center/invoice/ueBI4dQZiP8CtJ5FA9uqy12lIOlzfJMs</a></p>\n\n<p>The validity of the invoice is till 04/30/2022. Please note that the order is not confirmed till deposit is made.</p>',0,0,NULL),(132,'2022-05-10 03:17:10','2022-05-10 03:17:10',91,'FI\\Modules\\Invoices\\Models\\Invoice','{\"email\":\"admin@fusion.com\",\"name\":\"Ajay G\"}','[\"dinesh@samiteon.com\"]','[]','[]','Invoice #INV102','<p>To view your invoice from Ajay G for $6,234.00, click the link below:</p>\n\n<p><a href=\"http://uat-fusion.samiteon.com/index.php/client_center/invoice/ueBI4dQZiP8CtJ5FA9uqy12lIOlzfJMs\">http://uat-fusion.samiteon.com/index.php/client_center/invoice/ueBI4dQZiP8CtJ5FA9uqy12lIOlzfJMs</a></p>\n\n<p>The validity of the invoice is till 04/30/2022. Please note that the order is not confirmed till deposit is made.</p>',0,0,NULL),(133,'2022-05-10 03:23:42','2022-05-10 03:23:42',91,'FI\\Modules\\Invoices\\Models\\Invoice','{\"email\":\"admin@fusion.com\",\"name\":\"Ajay G\"}','[\"dinesh@samiteon.com\"]','[\"dinesh@samiteon.com\"]','[]','Invoice #INV102','<p>To view your invoice from Ajay G for $6,234.00, click the link below:</p>\n\n<p><a href=\"http://uat-fusion.samiteon.com/index.php/client_center/invoice/ueBI4dQZiP8CtJ5FA9uqy12lIOlzfJMs\">http://uat-fusion.samiteon.com/index.php/client_center/invoice/ueBI4dQZiP8CtJ5FA9uqy12lIOlzfJMs</a></p>\n\n<p>The validity of the invoice is till 04/30/2022. Please note that the order is not confirmed till deposit is made.</p>',1,0,NULL),(134,'2022-05-10 04:34:23','2022-05-10 04:34:23',123,'FI\\Modules\\Quotes\\Models\\Quote','{\"email\":\"admin@fusion.com\",\"name\":\"Ajay G\"}','\"admin@fusion.com\"','[]','[]','Notification: Quote Status Change','<p><a href=\"http://uat-fusion.samiteon.com/index.php/client_center/quote/FYGGKIQNqc7NAWAhoAFf55iC5NJVqbLv\">Quote #QUO103</a> has been APPROVED.</p>',1,0,NULL),(135,'2022-05-16 01:34:23','2022-05-16 01:34:23',124,'FI\\Modules\\Quotes\\Models\\Quote','{\"email\":\"admin@fusion.com\",\"name\":\"Ajay G\"}','\"admin@fusion.com\"','[]','[]','Notification: Quote Status Change','<p><a href=\"http://uat-fusion.samiteon.com/index.php/client_center/quote/ojVeNHiDapXnQLAr76P9pIjugzlajwAJ\">Quote #QUO104</a> has been APPROVED.</p>',1,0,NULL),(136,'2022-05-18 02:07:36','2022-05-18 02:07:36',90,'FI\\Modules\\Invoices\\Models\\Invoice','{\"email\":\"admin@fusion.com\",\"name\":\"Ajay G\"}','[\"subham.5ine@gmail.com\",\"sahasubham043@gmail.com\"]','[\"admin@fusion.com\"]','[]','Invoice #INV101','<p>To view your invoice from Ajay G for $600.00, click the link below:</p>\n\n<p><a href=\"http://uat-fusion.samiteon.com/index.php/client_center/invoice/sg7fhIidLNZghBev8TIM1CipJEyscC53\">http://uat-fusion.samiteon.com/index.php/client_center/invoice/sg7fhIidLNZghBev8TIM1CipJEyscC53</a></p>\n\n<p>The validity of the invoice is till 04/21/2022. Please note that the order is not confirmed till deposit is made.</p>',1,0,NULL),(137,'2022-05-18 02:07:45','2022-05-18 02:07:45',90,'FI\\Modules\\Invoices\\Models\\Invoice','{\"email\":\"admin@fusion.com\",\"name\":\"Ajay G\"}','[\"subham.5ine@gmail.com\",\"sahasubham043@gmail.com\"]','[\"admin@fusion.com\"]','[]','Invoice #INV101','<p>To view your invoice from Ajay G for $600.00, click the link below:</p>\n\n<p><a href=\"http://uat-fusion.samiteon.com/index.php/client_center/invoice/sg7fhIidLNZghBev8TIM1CipJEyscC53\">http://uat-fusion.samiteon.com/index.php/client_center/invoice/sg7fhIidLNZghBev8TIM1CipJEyscC53</a></p>\n\n<p>The validity of the invoice is till 04/21/2022. Please note that the order is not confirmed till deposit is made.</p>',1,0,NULL),(138,'2022-05-18 02:10:55','2022-05-18 02:10:55',121,'FI\\Modules\\Quotes\\Models\\Quote','{\"email\":\"admin@fusion.com\",\"name\":\"Ajay G\"}','[\"subham.5ine@gmail.com\",\"sahasubham043@gmail.com\"]','[\"admin@fusion.com\"]','[]','Quote #QUO101','<p>To view your quote from Ajay G for $600.00, click the link below:</p>\n\n<p><a href=\"http://uat-fusion.samiteon.com/index.php/client_center/quote/USYsNB0ZNtMEwDdjPqwJsAd8MTYOYvyJ\">http://uat-fusion.samiteon.com/index.php/client_center/quote/USYsNB0ZNtMEwDdjPqwJsAd8MTYOYvyJ</a></p>\n\n<p>The validity of the quote is till 05/17/2022. Please note that the order is not confirmed till deposit is made.</p>',1,0,NULL),(139,'2022-05-18 02:11:38','2022-05-18 02:11:38',121,'FI\\Modules\\Quotes\\Models\\Quote','{\"email\":\"admin@fusion.com\",\"name\":\"Ajay G\"}','[\"subham.5ine@gmail.com\",\"sahasubham043@gmail.com\"]','[\"admin@fusion.com\"]','[]','Quote #QUO101','<p>To view your quote from Ajay G for $600.00, click the link below:</p>\n\n<p><a href=\"http://uat-fusion.samiteon.com/index.php/client_center/quote/USYsNB0ZNtMEwDdjPqwJsAd8MTYOYvyJ\">http://uat-fusion.samiteon.com/index.php/client_center/quote/USYsNB0ZNtMEwDdjPqwJsAd8MTYOYvyJ</a></p>\n\n<p>The validity of the quote is till 05/17/2022. Please note that the order is not confirmed till deposit is made.</p>',1,0,NULL),(140,'2022-05-18 02:12:30','2022-05-18 02:12:30',121,'FI\\Modules\\Quotes\\Models\\Quote','{\"email\":\"admin@fusion.com\",\"name\":\"Ajay G\"}','[\"subham.5ine@gmail.com\",\"sahasubham043@gmail.com\"]','[\"admin@fusion.com\"]','[]','Quote #QUO101','<p>To view your quote from Ajay G for $600.00, click the link below:</p>\n\n<p><a href=\"http://uat-fusion.samiteon.com/index.php/client_center/quote/USYsNB0ZNtMEwDdjPqwJsAd8MTYOYvyJ\">http://uat-fusion.samiteon.com/index.php/client_center/quote/USYsNB0ZNtMEwDdjPqwJsAd8MTYOYvyJ</a></p>\n\n<p>The validity of the quote is till 05/17/2022. Please note that the order is not confirmed till deposit is made.</p>',1,0,NULL),(141,'2022-05-18 03:03:23','2022-05-18 03:03:23',121,'FI\\Modules\\Quotes\\Models\\Quote','{\"email\":\"admin@fusion.com\",\"name\":\"Ajay G\"}','[\"subham.5ine@gmail.com\",\"sahasubham043@gmail.com\"]','[\"admin@fusion.com\"]','[]','Quote #QUO101','<p>To view your quote from Ajay G for $600.00, click the link below:</p>\n\n<p><a href=\"http://uat-fusion.samiteon.com/index.php/client_center/quote/USYsNB0ZNtMEwDdjPqwJsAd8MTYOYvyJ\">http://uat-fusion.samiteon.com/index.php/client_center/quote/USYsNB0ZNtMEwDdjPqwJsAd8MTYOYvyJ</a></p>\n\n<p>The validity of the quote is till 05/17/2022. Please note that the order is not confirmed till deposit is made.</p>',1,0,NULL),(142,'2022-05-18 03:03:57','2022-05-18 03:03:57',121,'FI\\Modules\\Quotes\\Models\\Quote','{\"email\":\"admin@fusion.com\",\"name\":\"Ajay G\"}','[\"subham.5ine@gmail.com\",\"sahasubham043@gmail.com\"]','[\"admin@fusion.com\"]','[]','Quote #QUO101','<p>To view your quote from Ajay G for $600.00, click the link below:</p>\n\n<p><a href=\"http://uat-fusion.samiteon.com/index.php/client_center/quote/USYsNB0ZNtMEwDdjPqwJsAd8MTYOYvyJ\">http://uat-fusion.samiteon.com/index.php/client_center/quote/USYsNB0ZNtMEwDdjPqwJsAd8MTYOYvyJ</a></p>\n\n<p>The validity of the quote is till 05/17/2022. Please note that the order is not confirmed till deposit is made.</p>',1,0,NULL),(143,'2022-05-18 03:04:30','2022-05-18 03:04:30',121,'FI\\Modules\\Quotes\\Models\\Quote','{\"email\":\"admin@fusion.com\",\"name\":\"Ajay G\"}','[\"subham.5ine@gmail.com\",\"sahasubham043@gmail.com\"]','[\"admin@fusion.com\"]','[]','Quote #QUO101','<p>To view your quote from Ajay G for $600.00, click the link below:</p>\n\n<p><a href=\"http://uat-fusion.samiteon.com/index.php/client_center/quote/USYsNB0ZNtMEwDdjPqwJsAd8MTYOYvyJ\">http://uat-fusion.samiteon.com/index.php/client_center/quote/USYsNB0ZNtMEwDdjPqwJsAd8MTYOYvyJ</a></p>\n\n<p>The validity of the quote is till 05/17/2022. Please note that the order is not confirmed till deposit is made.</p>',1,0,NULL),(144,'2022-05-18 03:05:10','2022-05-18 03:05:10',121,'FI\\Modules\\Quotes\\Models\\Quote','{\"email\":\"admin@fusion.com\",\"name\":\"Ajay G\"}','[\"subham.5ine@gmail.com\",\"sahasubham043@gmail.com\"]','[\"admin@fusion.com\"]','[]','Quote #QUO101','<p>To view your quote from Ajay G for $600.00, click the link below:</p>\n\n<p><a href=\"http://uat-fusion.samiteon.com/index.php/client_center/quote/USYsNB0ZNtMEwDdjPqwJsAd8MTYOYvyJ\">http://uat-fusion.samiteon.com/index.php/client_center/quote/USYsNB0ZNtMEwDdjPqwJsAd8MTYOYvyJ</a></p>\n\n<p>The validity of the quote is till 05/17/2022. Please note that the order is not confirmed till deposit is made.</p>',1,0,NULL),(145,'2022-05-18 03:05:33','2022-05-18 03:05:33',121,'FI\\Modules\\Quotes\\Models\\Quote','{\"email\":\"admin@fusion.com\",\"name\":\"Ajay G\"}','[\"subham.5ine@gmail.com\",\"sahasubham043@gmail.com\"]','[\"admin@fusion.com\"]','[]','Quote #QUO101','<p>To view your quote from Ajay G for $600.00, click the link below:</p>\n\n<p><a href=\"http://uat-fusion.samiteon.com/index.php/client_center/quote/USYsNB0ZNtMEwDdjPqwJsAd8MTYOYvyJ\">http://uat-fusion.samiteon.com/index.php/client_center/quote/USYsNB0ZNtMEwDdjPqwJsAd8MTYOYvyJ</a></p>\n\n<p>The validity of the quote is till 05/17/2022. Please note that the order is not confirmed till deposit is made.</p>',1,0,NULL),(146,'2022-05-18 03:06:09','2022-05-18 03:06:09',121,'FI\\Modules\\Quotes\\Models\\Quote','{\"email\":\"admin@fusion.com\",\"name\":\"Ajay G\"}','[\"subham.5ine@gmail.com\",\"sahasubham043@gmail.com\"]','[\"admin@fusion.com\"]','[]','Quote #QUO101','<p>To view your quote from Ajay G for $600.00, click the link below:</p>\n\n<p><a href=\"http://uat-fusion.samiteon.com/index.php/client_center/quote/USYsNB0ZNtMEwDdjPqwJsAd8MTYOYvyJ\">http://uat-fusion.samiteon.com/index.php/client_center/quote/USYsNB0ZNtMEwDdjPqwJsAd8MTYOYvyJ</a></p>\n\n<p>The validity of the quote is till 05/17/2022. Please note that the order is not confirmed till deposit is made.</p>',1,0,NULL),(147,'2022-05-18 03:11:36','2022-05-18 03:11:36',121,'FI\\Modules\\Quotes\\Models\\Quote','{\"email\":\"admin@fusion.com\",\"name\":\"Ajay G\"}','[\"subham.5ine@gmail.com\",\"sahasubham043@gmail.com\"]','[\"admin@fusion.com\"]','[]','Quote #QUO101','<p>To view your quote from Ajay G for $600.00, click the link below:</p>\n\n<p><a href=\"http://uat-fusion.samiteon.com/index.php/client_center/quote/USYsNB0ZNtMEwDdjPqwJsAd8MTYOYvyJ\">http://uat-fusion.samiteon.com/index.php/client_center/quote/USYsNB0ZNtMEwDdjPqwJsAd8MTYOYvyJ</a></p>\n\n<p>The validity of the quote is till 05/17/2022. Please note that the order is not confirmed till deposit is made.</p>',1,0,NULL),(148,'2022-05-18 03:13:26','2022-05-18 03:13:26',121,'FI\\Modules\\Quotes\\Models\\Quote','{\"email\":\"admin@fusion.com\",\"name\":\"Ajay G\"}','[\"subham.5ine@gmail.com\",\"sahasubham043@gmail.com\"]','[\"admin@fusion.com\"]','[]','Quote #QUO101','<p>To view your quote from Ajay G for $600.00, click the link below:</p>\n\n<p><a href=\"http://uat-fusion.samiteon.com/index.php/client_center/quote/USYsNB0ZNtMEwDdjPqwJsAd8MTYOYvyJ\">http://uat-fusion.samiteon.com/index.php/client_center/quote/USYsNB0ZNtMEwDdjPqwJsAd8MTYOYvyJ</a></p>\n\n<p>The validity of the quote is till 05/17/2022. Please note that the order is not confirmed till deposit is made.</p>',1,0,NULL),(149,'2022-05-18 03:13:44','2022-05-18 03:13:44',121,'FI\\Modules\\Quotes\\Models\\Quote','{\"email\":\"admin@fusion.com\",\"name\":\"Ajay G\"}','[\"subham.5ine@gmail.com\",\"sahasubham043@gmail.com\"]','[\"admin@fusion.com\"]','[]','Quote #QUO101','<p>To view your quote from Ajay G for $600.00, click the link below:</p>\n\n<p><a href=\"http://uat-fusion.samiteon.com/index.php/client_center/quote/USYsNB0ZNtMEwDdjPqwJsAd8MTYOYvyJ\">http://uat-fusion.samiteon.com/index.php/client_center/quote/USYsNB0ZNtMEwDdjPqwJsAd8MTYOYvyJ</a></p>\n\n<p>The validity of the quote is till 05/17/2022. Please note that the order is not confirmed till deposit is made.</p>',1,0,NULL),(150,'2022-05-18 03:19:32','2022-05-18 03:19:32',121,'FI\\Modules\\Quotes\\Models\\Quote','{\"email\":\"admin@fusion.com\",\"name\":\"Ajay G\"}','[\"subham.5ine@gmail.com\",\"sahasubham043@gmail.com\"]','[\"admin@fusion.com\"]','[]','Quote #QUO101','<p>To view your quote from Ajay G for $600.00, click the link below:</p>\n\n<p><a href=\"http://uat-fusion.samiteon.com/index.php/client_center/quote/USYsNB0ZNtMEwDdjPqwJsAd8MTYOYvyJ\">http://uat-fusion.samiteon.com/index.php/client_center/quote/USYsNB0ZNtMEwDdjPqwJsAd8MTYOYvyJ</a></p>\n\n<p>The validity of the quote is till 05/17/2022. Please note that the order is not confirmed till deposit is made.</p>',1,0,NULL),(151,'2022-05-18 03:20:17','2022-05-18 03:20:19',121,'FI\\Modules\\Quotes\\Models\\Quote','{\"email\":\"admin@fusion.com\",\"name\":\"Ajay G\"}','[\"subham.5ine@gmail.com\",\"sahasubham043@gmail.com\"]','[\"admin@fusion.com\"]','[]','Quote #QUO101','<p>To view your quote from Ajay G for $600.00, click the link below:</p>\n\n<p><a href=\"http://uat-fusion.samiteon.com/index.php/client_center/quote/USYsNB0ZNtMEwDdjPqwJsAd8MTYOYvyJ\">http://uat-fusion.samiteon.com/index.php/client_center/quote/USYsNB0ZNtMEwDdjPqwJsAd8MTYOYvyJ</a></p>\n\n<p>The validity of the quote is till 05/17/2022. Please note that the order is not confirmed till deposit is made.</p>',1,1,NULL),(152,'2022-05-18 03:22:26','2022-05-18 03:22:26',121,'FI\\Modules\\Quotes\\Models\\Quote','{\"email\":\"admin@fusion.com\",\"name\":\"Ajay G\"}','[\"subham.5ine@gmail.com\",\"sahasubham043@gmail.com\"]','[\"admin@fusion.com\"]','[]','Quote #QUO101','<p>To view your quote from Ajay G for $600.00, click the link below:</p>\n\n<p><a href=\"http://uat-fusion.samiteon.com/index.php/client_center/quote/USYsNB0ZNtMEwDdjPqwJsAd8MTYOYvyJ\">http://uat-fusion.samiteon.com/index.php/client_center/quote/USYsNB0ZNtMEwDdjPqwJsAd8MTYOYvyJ</a></p>\n\n<p>The validity of the quote is till 05/17/2022. Please note that the order is not confirmed till deposit is made.</p>',1,0,NULL),(153,'2022-05-18 03:23:39','2022-05-18 03:23:39',121,'FI\\Modules\\Quotes\\Models\\Quote','{\"email\":\"admin@fusion.com\",\"name\":\"Ajay G\"}','[\"subham.5ine@gmail.com\",\"sahasubham043@gmail.com\"]','[\"admin@fusion.com\"]','[]','Quote #QUO101','<p>To view your quote from Ajay G for $600.00, click the link below:</p>\n\n<p><a href=\"http://uat-fusion.samiteon.com/index.php/client_center/quote/USYsNB0ZNtMEwDdjPqwJsAd8MTYOYvyJ\">http://uat-fusion.samiteon.com/index.php/client_center/quote/USYsNB0ZNtMEwDdjPqwJsAd8MTYOYvyJ</a></p>\n\n<p>The validity of the quote is till 05/17/2022. Please note that the order is not confirmed till deposit is made.</p>',1,0,NULL),(154,'2022-05-18 03:26:31','2022-05-18 03:26:31',121,'FI\\Modules\\Quotes\\Models\\Quote','{\"email\":\"admin@fusion.com\",\"name\":\"Ajay G\"}','[\"subham.5ine@gmail.com\",\"sahasubham043@gmail.com\"]','[\"admin@fusion.com\"]','[]','Quote #QUO101','<p>To view your quote from Ajay G for $600.00, click the link below:</p>\n\n<p><a href=\"http://uat-fusion.samiteon.com/index.php/client_center/quote/USYsNB0ZNtMEwDdjPqwJsAd8MTYOYvyJ\">http://uat-fusion.samiteon.com/index.php/client_center/quote/USYsNB0ZNtMEwDdjPqwJsAd8MTYOYvyJ</a></p>\n\n<p>The validity of the quote is till 05/17/2022. Please note that the order is not confirmed till deposit is made.</p>',1,0,NULL),(155,'2022-05-18 03:27:35','2022-05-18 03:27:36',121,'FI\\Modules\\Quotes\\Models\\Quote','{\"email\":\"admin@fusion.com\",\"name\":\"Ajay G\"}','[\"subham.5ine@gmail.com\",\"sahasubham043@gmail.com\"]','[\"admin@fusion.com\"]','[]','Quote #QUO101','<p>To view your quote from Ajay G for $600.00, click the link below:</p>\n\n<p><a href=\"http://uat-fusion.samiteon.com/index.php/client_center/quote/USYsNB0ZNtMEwDdjPqwJsAd8MTYOYvyJ\">http://uat-fusion.samiteon.com/index.php/client_center/quote/USYsNB0ZNtMEwDdjPqwJsAd8MTYOYvyJ</a></p>\n\n<p>The validity of the quote is till 05/17/2022. Please note that the order is not confirmed till deposit is made.</p>',1,1,NULL),(156,'2022-05-18 03:28:03','2022-05-18 03:28:03',121,'FI\\Modules\\Quotes\\Models\\Quote','{\"email\":\"admin@fusion.com\",\"name\":\"Ajay G\"}','[\"subham.5ine@gmail.com\",\"sahasubham043@gmail.com\"]','[\"admin@fusion.com\"]','[]','Quote #QUO101','<p>To view your quote from Ajay G for $600.00, click the link below:</p>\n\n<p><a href=\"http://uat-fusion.samiteon.com/index.php/client_center/quote/USYsNB0ZNtMEwDdjPqwJsAd8MTYOYvyJ\">http://uat-fusion.samiteon.com/index.php/client_center/quote/USYsNB0ZNtMEwDdjPqwJsAd8MTYOYvyJ</a></p>\n\n<p>The validity of the quote is till 05/17/2022. Please note that the order is not confirmed till deposit is made.</p>',1,0,NULL),(157,'2022-05-18 03:28:47','2022-05-18 03:28:47',121,'FI\\Modules\\Quotes\\Models\\Quote','{\"email\":\"admin@fusion.com\",\"name\":\"Ajay G\"}','[\"subham.5ine@gmail.com\",\"sahasubham043@gmail.com\"]','[\"admin@fusion.com\"]','[]','Quote #QUO101','<p>To view your quote from Ajay G for $600.00, click the link below:</p>\n\n<p><a href=\"http://uat-fusion.samiteon.com/index.php/client_center/quote/USYsNB0ZNtMEwDdjPqwJsAd8MTYOYvyJ\">http://uat-fusion.samiteon.com/index.php/client_center/quote/USYsNB0ZNtMEwDdjPqwJsAd8MTYOYvyJ</a></p>\n\n<p>The validity of the quote is till 05/17/2022. Please note that the order is not confirmed till deposit is made.</p>',1,0,NULL),(158,'2022-05-18 03:29:20','2022-05-18 03:29:20',121,'FI\\Modules\\Quotes\\Models\\Quote','{\"email\":\"admin@fusion.com\",\"name\":\"Ajay G\"}','[\"subham.5ine@gmail.com\",\"sahasubham043@gmail.com\"]','[\"admin@fusion.com\"]','[]','Quote #QUO101','<p>To view your quote from Ajay G for $600.00, click the link below:</p>\n\n<p><a href=\"http://uat-fusion.samiteon.com/index.php/client_center/quote/USYsNB0ZNtMEwDdjPqwJsAd8MTYOYvyJ\">http://uat-fusion.samiteon.com/index.php/client_center/quote/USYsNB0ZNtMEwDdjPqwJsAd8MTYOYvyJ</a></p>\n\n<p>The validity of the quote is till 05/17/2022. Please note that the order is not confirmed till deposit is made.</p>',1,0,NULL),(159,'2022-05-18 03:50:27','2022-05-18 03:50:27',121,'FI\\Modules\\Quotes\\Models\\Quote','{\"email\":\"admin@fusion.com\",\"name\":\"Ajay G\"}','[\"subham.5ine@gmail.com\",\"sahasubham043@gmail.com\"]','[\"admin@fusion.com\"]','[]','Quote #QUO101','<p>To view your quote from Ajay G for $600.00, click the link below:</p>\n\n<p><a href=\"http://uat-fusion.samiteon.com/index.php/client_center/quote/USYsNB0ZNtMEwDdjPqwJsAd8MTYOYvyJ\">http://uat-fusion.samiteon.com/index.php/client_center/quote/USYsNB0ZNtMEwDdjPqwJsAd8MTYOYvyJ</a></p>\n\n<p>The validity of the quote is till 05/17/2022. Please note that the order is not confirmed till deposit is made.</p>',1,0,NULL),(160,'2022-05-18 03:51:06','2022-05-18 03:51:06',121,'FI\\Modules\\Quotes\\Models\\Quote','{\"email\":\"admin@fusion.com\",\"name\":\"Ajay G\"}','[\"subham.5ine@gmail.com\",\"sahasubham043@gmail.com\"]','[\"admin@fusion.com\"]','[]','Quote #QUO101','<p>To view your quote from Ajay G for $600.00, click the link below:</p>\n\n<p><a href=\"http://uat-fusion.samiteon.com/index.php/client_center/quote/USYsNB0ZNtMEwDdjPqwJsAd8MTYOYvyJ\">http://uat-fusion.samiteon.com/index.php/client_center/quote/USYsNB0ZNtMEwDdjPqwJsAd8MTYOYvyJ</a></p>\n\n<p>The validity of the quote is till 05/17/2022. Please note that the order is not confirmed till deposit is made.</p>',1,0,NULL),(161,'2022-05-18 03:51:59','2022-05-18 03:51:59',121,'FI\\Modules\\Quotes\\Models\\Quote','{\"email\":\"admin@fusion.com\",\"name\":\"Ajay G\"}','[\"subham.5ine@gmail.com\",\"sahasubham043@gmail.com\"]','[\"admin@fusion.com\"]','[]','Quote #QUO101','<p>To view your quote from Ajay G for $600.00, click the link below:</p>\n\n<p><a href=\"http://uat-fusion.samiteon.com/index.php/client_center/quote/USYsNB0ZNtMEwDdjPqwJsAd8MTYOYvyJ\">http://uat-fusion.samiteon.com/index.php/client_center/quote/USYsNB0ZNtMEwDdjPqwJsAd8MTYOYvyJ</a></p>\n\n<p>The validity of the quote is till 05/17/2022. Please note that the order is not confirmed till deposit is made.</p>',1,0,NULL),(162,'2022-05-18 03:52:42','2022-05-18 03:52:42',121,'FI\\Modules\\Quotes\\Models\\Quote','{\"email\":\"admin@fusion.com\",\"name\":\"Ajay G\"}','[\"subham.5ine@gmail.com\",\"sahasubham043@gmail.com\"]','[\"admin@fusion.com\"]','[]','Quote #QUO101','<p>To view your quote from Ajay G for $600.00, click the link below:</p>\n\n<p><a href=\"http://uat-fusion.samiteon.com/index.php/client_center/quote/USYsNB0ZNtMEwDdjPqwJsAd8MTYOYvyJ\">http://uat-fusion.samiteon.com/index.php/client_center/quote/USYsNB0ZNtMEwDdjPqwJsAd8MTYOYvyJ</a></p>\n\n<p>The validity of the quote is till 05/17/2022. Please note that the order is not confirmed till deposit is made.</p>',1,0,NULL),(163,'2022-05-18 03:56:34','2022-05-18 03:56:34',121,'FI\\Modules\\Quotes\\Models\\Quote','{\"email\":\"admin@fusion.com\",\"name\":\"Ajay G\"}','[\"subham.5ine@gmail.com\",\"sahasubham043@gmail.com\"]','[\"admin@fusion.com\"]','[]','Quote #QUO101','<p>To view your quote from Ajay G for $600.00, click the link below:</p>\n\n<p><a href=\"http://uat-fusion.samiteon.com/index.php/client_center/quote/USYsNB0ZNtMEwDdjPqwJsAd8MTYOYvyJ\">http://uat-fusion.samiteon.com/index.php/client_center/quote/USYsNB0ZNtMEwDdjPqwJsAd8MTYOYvyJ</a></p>\n\n<p>The validity of the quote is till 05/17/2022. Please note that the order is not confirmed till deposit is made.</p>',1,0,NULL),(164,'2022-05-18 03:59:02','2022-05-18 03:59:02',121,'FI\\Modules\\Quotes\\Models\\Quote','{\"email\":\"admin@fusion.com\",\"name\":\"Ajay G\"}','[\"subham.5ine@gmail.com\",\"sahasubham043@gmail.com\"]','[\"admin@fusion.com\"]','[]','Quote #QUO101','<p>To view your quote from Ajay G for $600.00, click the link below:</p>\n\n<p><a href=\"http://uat-fusion.samiteon.com/index.php/client_center/quote/USYsNB0ZNtMEwDdjPqwJsAd8MTYOYvyJ\">http://uat-fusion.samiteon.com/index.php/client_center/quote/USYsNB0ZNtMEwDdjPqwJsAd8MTYOYvyJ</a></p>\n\n<p>The validity of the quote is till 05/17/2022. Please note that the order is not confirmed till deposit is made.</p>',1,0,NULL),(165,'2022-05-18 04:00:37','2022-05-18 04:00:37',121,'FI\\Modules\\Quotes\\Models\\Quote','{\"email\":\"admin@fusion.com\",\"name\":\"Ajay G\"}','[\"subham.5ine@gmail.com\",\"sahasubham043@gmail.com\"]','[\"admin@fusion.com\"]','[]','Quote #QUO101','<p>To view your quote from Ajay G for $600.00, click the link below:</p>\n\n<p><a href=\"http://uat-fusion.samiteon.com/index.php/client_center/quote/USYsNB0ZNtMEwDdjPqwJsAd8MTYOYvyJ\">http://uat-fusion.samiteon.com/index.php/client_center/quote/USYsNB0ZNtMEwDdjPqwJsAd8MTYOYvyJ</a></p>\n\n<p>The validity of the quote is till 05/17/2022. Please note that the order is not confirmed till deposit is made.</p>',1,0,NULL),(166,'2022-05-18 04:02:57','2022-05-18 04:02:57',123,'FI\\Modules\\Quotes\\Models\\Quote','{\"email\":\"admin@fusion.com\",\"name\":\"Ajay G\"}','[\"subham.5ine@gmail.com\",\"sahasubham043@gmail.com\"]','[\"admin@fusion.com\"]','[]','Quote #QUO103','<p>To view your quote from Ajay G for $0.00, click the link below:</p>\n\n<p><a href=\"http://uat-fusion.samiteon.com/index.php/client_center/quote/FYGGKIQNqc7NAWAhoAFf55iC5NJVqbLv\">http://uat-fusion.samiteon.com/index.php/client_center/quote/FYGGKIQNqc7NAWAhoAFf55iC5NJVqbLv</a></p>\n\n<p>The validity of the quote is till 05/25/2022. Please note that the order is not confirmed till deposit is made.</p>',1,0,NULL),(167,'2022-05-18 04:12:16','2022-05-18 04:12:16',123,'FI\\Modules\\Quotes\\Models\\Quote','{\"email\":\"admin@fusion.com\",\"name\":\"Ajay G\"}','[\"subham.5ine@gmail.com\",\"sahasubham043@gmail.com\"]','[\"admin@fusion.com\"]','[]','Quote #QUO103','<p>To view your quote from Ajay G for $0.00, click the link below:</p>\n\n<p><a href=\"http://uat-fusion.samiteon.com/index.php/client_center/quote/FYGGKIQNqc7NAWAhoAFf55iC5NJVqbLv\">http://uat-fusion.samiteon.com/index.php/client_center/quote/FYGGKIQNqc7NAWAhoAFf55iC5NJVqbLv</a></p>\n\n<p>The validity of the quote is till 05/25/2022. Please note that the order is not confirmed till deposit is made.</p>',1,0,NULL),(168,'2022-05-18 04:17:26','2022-05-18 04:17:26',123,'FI\\Modules\\Quotes\\Models\\Quote','{\"email\":\"admin@fusion.com\",\"name\":\"Ajay G\"}','[\"subham.5ine@gmail.com\",\"sahasubham043@gmail.com\"]','[\"admin@fusion.com\"]','[]','Quote #QUO103','<p>To view your quote from Ajay G for $0.00, click the link below:</p>\n\n<p><a href=\"http://uat-fusion.samiteon.com/index.php/client_center/quote/FYGGKIQNqc7NAWAhoAFf55iC5NJVqbLv\">http://uat-fusion.samiteon.com/index.php/client_center/quote/FYGGKIQNqc7NAWAhoAFf55iC5NJVqbLv</a></p>\n\n<p>The validity of the quote is till 05/25/2022. Please note that the order is not confirmed till deposit is made.</p>',1,0,NULL),(169,'2022-05-18 04:18:18','2022-05-18 04:18:18',123,'FI\\Modules\\Quotes\\Models\\Quote','{\"email\":\"admin@fusion.com\",\"name\":\"Ajay G\"}','[\"subham.5ine@gmail.com\",\"sahasubham043@gmail.com\"]','[\"admin@fusion.com\"]','[]','Quote #QUO103','<p>To view your quote from Ajay G for $0.00, click the link below:</p>\n\n<p><a href=\"http://uat-fusion.samiteon.com/index.php/client_center/quote/FYGGKIQNqc7NAWAhoAFf55iC5NJVqbLv\">http://uat-fusion.samiteon.com/index.php/client_center/quote/FYGGKIQNqc7NAWAhoAFf55iC5NJVqbLv</a></p>\n\n<p>The validity of the quote is till 05/25/2022. Please note that the order is not confirmed till deposit is made.</p>',1,0,NULL),(170,'2022-05-18 04:19:47','2022-05-18 04:19:47',123,'FI\\Modules\\Quotes\\Models\\Quote','{\"email\":\"admin@fusion.com\",\"name\":\"Ajay G\"}','[\"subham.5ine@gmail.com\",\"sahasubham043@gmail.com\"]','[\"admin@fusion.com\"]','[]','Quote #QUO103','<p>To view your quote from Ajay G for $0.00, click the link below:</p>\n\n<p><a href=\"http://uat-fusion.samiteon.com/index.php/client_center/quote/FYGGKIQNqc7NAWAhoAFf55iC5NJVqbLv\">http://uat-fusion.samiteon.com/index.php/client_center/quote/FYGGKIQNqc7NAWAhoAFf55iC5NJVqbLv</a></p>\n\n<p>The validity of the quote is till 05/25/2022. Please note that the order is not confirmed till deposit is made.</p>',1,0,NULL),(171,'2022-05-18 04:20:36','2022-05-18 04:20:36',123,'FI\\Modules\\Quotes\\Models\\Quote','{\"email\":\"admin@fusion.com\",\"name\":\"Ajay G\"}','[\"subham.5ine@gmail.com\",\"sahasubham043@gmail.com\"]','[\"admin@fusion.com\"]','[]','Quote #QUO103','<p>To view your quote from Ajay G for $0.00, click the link below:</p>\n\n<p><a href=\"http://uat-fusion.samiteon.com/index.php/client_center/quote/FYGGKIQNqc7NAWAhoAFf55iC5NJVqbLv\">http://uat-fusion.samiteon.com/index.php/client_center/quote/FYGGKIQNqc7NAWAhoAFf55iC5NJVqbLv</a></p>\n\n<p>The validity of the quote is till 05/25/2022. Please note that the order is not confirmed till deposit is made.</p>',1,0,NULL),(172,'2022-05-18 04:21:51','2022-05-18 04:21:51',123,'FI\\Modules\\Quotes\\Models\\Quote','{\"email\":\"admin@fusion.com\",\"name\":\"Ajay G\"}','[\"subham.5ine@gmail.com\",\"sahasubham043@gmail.com\"]','[\"admin@fusion.com\"]','[]','Quote #QUO103','<p>To view your quote from Ajay G for $0.00, click the link below:</p>\n\n<p><a href=\"http://uat-fusion.samiteon.com/index.php/client_center/quote/FYGGKIQNqc7NAWAhoAFf55iC5NJVqbLv\">http://uat-fusion.samiteon.com/index.php/client_center/quote/FYGGKIQNqc7NAWAhoAFf55iC5NJVqbLv</a></p>\n\n<p>The validity of the quote is till 05/25/2022. Please note that the order is not confirmed till deposit is made.</p>',1,0,NULL),(173,'2022-05-18 04:23:16','2022-05-18 04:23:16',123,'FI\\Modules\\Quotes\\Models\\Quote','{\"email\":\"admin@fusion.com\",\"name\":\"Ajay G\"}','[\"subham.5ine@gmail.com\",\"sahasubham043@gmail.com\"]','[\"admin@fusion.com\"]','[]','Quote #QUO103','<p>To view your quote from Ajay G for $0.00, click the link below:</p>\n\n<p><a href=\"http://uat-fusion.samiteon.com/index.php/client_center/quote/FYGGKIQNqc7NAWAhoAFf55iC5NJVqbLv\">http://uat-fusion.samiteon.com/index.php/client_center/quote/FYGGKIQNqc7NAWAhoAFf55iC5NJVqbLv</a></p>\n\n<p>The validity of the quote is till 05/25/2022. Please note that the order is not confirmed till deposit is made.</p>',1,0,NULL),(174,'2022-05-18 04:26:12','2022-05-18 04:26:12',123,'FI\\Modules\\Quotes\\Models\\Quote','{\"email\":\"admin@fusion.com\",\"name\":\"Ajay G\"}','[\"subham.5ine@gmail.com\",\"sahasubham043@gmail.com\"]','[\"admin@fusion.com\"]','[]','Quote #QUO103','<p>To view your quote from Ajay G for $0.00, click the link below:</p>\n\n<p><a href=\"http://uat-fusion.samiteon.com/index.php/client_center/quote/FYGGKIQNqc7NAWAhoAFf55iC5NJVqbLv\">http://uat-fusion.samiteon.com/index.php/client_center/quote/FYGGKIQNqc7NAWAhoAFf55iC5NJVqbLv</a></p>\n\n<p>The validity of the quote is till 05/25/2022. Please note that the order is not confirmed till deposit is made.</p>',1,0,NULL),(175,'2022-05-18 04:28:45','2022-05-18 04:28:45',123,'FI\\Modules\\Quotes\\Models\\Quote','{\"email\":\"admin@fusion.com\",\"name\":\"Ajay G\"}','[\"subham.5ine@gmail.com\",\"sahasubham043@gmail.com\"]','[\"admin@fusion.com\"]','[]','Quote #QUO103','<p>To view your quote from Ajay G for $0.00, click the link below:</p>\n\n<p><a href=\"http://uat-fusion.samiteon.com/index.php/client_center/quote/FYGGKIQNqc7NAWAhoAFf55iC5NJVqbLv\">http://uat-fusion.samiteon.com/index.php/client_center/quote/FYGGKIQNqc7NAWAhoAFf55iC5NJVqbLv</a></p>\n\n<p>The validity of the quote is till 05/25/2022. Please note that the order is not confirmed till deposit is made.</p>',1,0,NULL),(176,'2022-05-18 04:47:07','2022-05-18 04:47:07',121,'FI\\Modules\\Quotes\\Models\\Quote','{\"email\":\"admin@fusion.com\",\"name\":\"Ajay G\"}','[\"subham.5ine@gmail.com\",\"sahasubham043@gmail.com\"]','[\"admin@fusion.com\"]','[]','Quote #QUO101','<p>To view your quote from Ajay G for $600.00, click the link below:</p>\n\n<p><a href=\"http://uat-fusion.samiteon.com/index.php/client_center/quote/USYsNB0ZNtMEwDdjPqwJsAd8MTYOYvyJ\">http://uat-fusion.samiteon.com/index.php/client_center/quote/USYsNB0ZNtMEwDdjPqwJsAd8MTYOYvyJ</a></p>\n\n<p>The validity of the quote is till 05/17/2022. Please note that the order is not confirmed till deposit is made.</p>',1,0,NULL),(177,'2022-05-18 04:50:30','2022-05-18 04:50:30',121,'FI\\Modules\\Quotes\\Models\\Quote','{\"email\":\"admin@fusion.com\",\"name\":\"Ajay G\"}','[\"subham.5ine@gmail.com\",\"sahasubham043@gmail.com\"]','[\"admin@fusion.com\"]','[]','Quote #QUO101','<p>To view your quote from Ajay G for $600.00, click the link below:</p>\n\n<p><a href=\"http://uat-fusion.samiteon.com/index.php/client_center/quote/USYsNB0ZNtMEwDdjPqwJsAd8MTYOYvyJ\">http://uat-fusion.samiteon.com/index.php/client_center/quote/USYsNB0ZNtMEwDdjPqwJsAd8MTYOYvyJ</a></p>\n\n<p>The validity of the quote is till 05/17/2022. Please note that the order is not confirmed till deposit is made.</p>',1,0,NULL),(178,'2022-05-18 04:53:09','2022-05-18 04:53:11',121,'FI\\Modules\\Quotes\\Models\\Quote','{\"email\":\"admin@fusion.com\",\"name\":\"Ajay G\"}','[\"subham.5ine@gmail.com\",\"sahasubham043@gmail.com\"]','[\"admin@fusion.com\"]','[]','Quote #QUO101','<p>To view your quote from Ajay G for $600.00, click the link below:</p>\n\n<p><a href=\"http://uat-fusion.samiteon.com/index.php/client_center/quote/USYsNB0ZNtMEwDdjPqwJsAd8MTYOYvyJ\">http://uat-fusion.samiteon.com/index.php/client_center/quote/USYsNB0ZNtMEwDdjPqwJsAd8MTYOYvyJ</a></p>\n\n<p>The validity of the quote is till 05/17/2022. Please note that the order is not confirmed till deposit is made.</p>',1,1,NULL),(179,'2022-05-18 04:55:28','2022-05-18 04:55:30',121,'FI\\Modules\\Quotes\\Models\\Quote','{\"email\":\"admin@fusion.com\",\"name\":\"Ajay G\"}','[\"subham.5ine@gmail.com\",\"sahasubham043@gmail.com\"]','[\"admin@fusion.com\"]','[]','Quote #QUO101','<p>To view your quote from Ajay G for $600.00, click the link below:</p>\n\n<p><a href=\"http://uat-fusion.samiteon.com/index.php/client_center/quote/USYsNB0ZNtMEwDdjPqwJsAd8MTYOYvyJ\">http://uat-fusion.samiteon.com/index.php/client_center/quote/USYsNB0ZNtMEwDdjPqwJsAd8MTYOYvyJ</a></p>\n\n<p>The validity of the quote is till 05/17/2022. Please note that the order is not confirmed till deposit is made.</p>',1,1,NULL),(180,'2022-08-04 02:18:38','2022-08-04 02:18:38',100,'FI\\Modules\\Invoices\\Models\\Invoice','{\"email\":\"admin@fusion.com\",\"name\":\"Ajay G\"}','[\"mhindupur@gmail.com\"]','[\"admin@fusion.com\"]','[]','Invoice #INV109','<p>To view your invoice from Ajay G for $25.00, click the link below:</p>\n\n<p><a href=\"http://uat-fusion.samiteon.com/client_center/invoice/AVYVOGP0p112bygRaMcVroGS5S1IGR9h\">http://uat-fusion.samiteon.com/client_center/invoice/AVYVOGP0p112bygRaMcVroGS5S1IGR9h</a></p>\n\n<p>The validity of the invoice is till 07/28/2022. Please note that the order is not confirmed till deposit is made.</p>',1,0,NULL),(181,'2022-08-10 02:52:40','2022-08-10 02:52:43',129,'FI\\Modules\\Quotes\\Models\\Quote','{\"email\":\"admin@fusion.com\",\"name\":\"Ajay G\"}','[\"sahasubham043@gmail.com\"]','[\"admin@fusion.com\"]','[]','Quote #QUO109','<p>To view your quote from Ajay G for $158.75, click the link below:</p>\n\n<p><a href=\"http://uat-fusion.samiteon.com/index.php/client_center/quote/HKmobInoARGYWziNQvIFRmuVFrPVLAl1\">http://uat-fusion.samiteon.com/index.php/client_center/quote/HKmobInoARGYWziNQvIFRmuVFrPVLAl1</a></p>\n\n<p>The validity of the quote is till 09/01/2022. Please note that the order is not confirmed till deposit is made.</p>',1,1,NULL),(182,'2022-08-10 03:11:17','2022-08-10 03:11:21',134,'FI\\Modules\\Quotes\\Models\\Quote','{\"email\":\"admin@fusion.com\",\"name\":\"Ajay G\"}','[\"manjunath@samiteon.com\"]','[\"admin@fusion.com\"]','[]','Quote #QUO114','<p>To view your quote from Ajay G for $10.00, click the link below:</p>\n\n<p><a href=\"http://uat-fusion.samiteon.com/client_center/quote/Fr4gq0soRO5b9NbLgWv51UhwYYeOlqch\">http://uat-fusion.samiteon.com/client_center/quote/Fr4gq0soRO5b9NbLgWv51UhwYYeOlqch</a></p>\n\n<p>The validity of the quote is till 09/14/2022. Please note that the order is not confirmed till deposit is made.</p>',1,1,NULL);
/*!40000 ALTER TABLE `mail_queue` ENABLE KEYS */;
UNLOCK TABLES;

--
-- Table structure for table `merchant_clients`
--

DROP TABLE IF EXISTS `merchant_clients`;
/*!40101 SET @saved_cs_client     = @@character_set_client */;
/*!50503 SET character_set_client = utf8mb4 */;
CREATE TABLE `merchant_clients` (
  `id` int unsigned NOT NULL AUTO_INCREMENT,
  `created_at` timestamp NULL DEFAULT NULL,
  `updated_at` timestamp NULL DEFAULT NULL,
  `driver` varchar(255) CHARACTER SET utf8mb3 COLLATE utf8mb3_unicode_ci NOT NULL,
  `client_id` int NOT NULL,
  `merchant_key` varchar(255) CHARACTER SET utf8mb3 COLLATE utf8mb3_unicode_ci NOT NULL,
  `merchant_value` varchar(255) CHARACTER SET utf8mb3 COLLATE utf8mb3_unicode_ci NOT NULL,
  PRIMARY KEY (`id`),
  KEY `merchant_clients_driver_index` (`driver`),
  KEY `merchant_clients_client_id_index` (`client_id`),
  KEY `merchant_clients_merchant_key_index` (`merchant_key`)
) ENGINE=InnoDB AUTO_INCREMENT=2 DEFAULT CHARSET=utf8mb3 COLLATE=utf8mb3_unicode_ci;
/*!40101 SET character_set_client = @saved_cs_client */;

--
-- Dumping data for table `merchant_clients`
--

LOCK TABLES `merchant_clients` WRITE;
/*!40000 ALTER TABLE `merchant_clients` DISABLE KEYS */;
INSERT INTO `merchant_clients` VALUES (1,'2022-05-04 00:54:18','2022-05-04 00:54:18','Stripe',1955,'id','cus_LcsnmjEtF5Sqpg');
/*!40000 ALTER TABLE `merchant_clients` ENABLE KEYS */;
UNLOCK TABLES;

--
-- Table structure for table `merchant_payments`
--

DROP TABLE IF EXISTS `merchant_payments`;
/*!40101 SET @saved_cs_client     = @@character_set_client */;
/*!50503 SET character_set_client = utf8mb4 */;
CREATE TABLE `merchant_payments` (
  `id` int unsigned NOT NULL AUTO_INCREMENT,
  `created_at` timestamp NULL DEFAULT NULL,
  `updated_at` timestamp NULL DEFAULT NULL,
  `driver` varchar(255) CHARACTER SET utf8mb3 COLLATE utf8mb3_unicode_ci NOT NULL,
  `payment_id` int NOT NULL,
  `merchant_key` varchar(255) CHARACTER SET utf8mb3 COLLATE utf8mb3_unicode_ci NOT NULL,
  `merchant_value` varchar(255) CHARACTER SET utf8mb3 COLLATE utf8mb3_unicode_ci NOT NULL,
  PRIMARY KEY (`id`),
  KEY `merchant_payments_driver_index` (`driver`),
  KEY `merchant_payments_payment_id_index` (`payment_id`),
  KEY `merchant_payments_merchant_key_index` (`merchant_key`)
) ENGINE=InnoDB AUTO_INCREMENT=4 DEFAULT CHARSET=utf8mb3 COLLATE=utf8mb3_unicode_ci;
/*!40101 SET character_set_client = @saved_cs_client */;

--
-- Dumping data for table `merchant_payments`
--

LOCK TABLES `merchant_payments` WRITE;
/*!40000 ALTER TABLE `merchant_payments` DISABLE KEYS */;
INSERT INTO `merchant_payments` VALUES (1,'2022-05-04 00:54:20','2022-05-04 00:54:20','Stripe',12,'id','ch_3Kvd2NBfSS5QJNpP0g2HBSJi'),(2,'2022-05-09 05:14:15','2022-05-09 05:14:15','Stripe',13,'id','ch_3KxVTeBfSS5QJNpP15u6UdKS'),(3,'2022-05-09 07:30:28','2022-05-09 07:30:28','Stripe',14,'id','ch_3KxXbRBfSS5QJNpP18Ey4HAY');
/*!40000 ALTER TABLE `merchant_payments` ENABLE KEYS */;
UNLOCK TABLES;

--
-- Table structure for table `migrations`
--

DROP TABLE IF EXISTS `migrations`;
/*!40101 SET @saved_cs_client     = @@character_set_client */;
/*!50503 SET character_set_client = utf8mb4 */;
CREATE TABLE `migrations` (
  `id` int unsigned NOT NULL AUTO_INCREMENT,
  `migration` varchar(255) CHARACTER SET utf8mb3 COLLATE utf8mb3_unicode_ci NOT NULL,
  `batch` int NOT NULL,
  PRIMARY KEY (`id`)
) ENGINE=InnoDB AUTO_INCREMENT=155 DEFAULT CHARSET=utf8mb3 COLLATE=utf8mb3_unicode_ci;
/*!40101 SET character_set_client = @saved_cs_client */;

--
-- Dumping data for table `migrations`
--

LOCK TABLES `migrations` WRITE;
/*!40000 ALTER TABLE `migrations` DISABLE KEYS */;
INSERT INTO `migrations` VALUES (1,'2014_04_11_020152_install',1),(2,'2014_04_26_034100_update',1),(3,'2014_04_28_052539_invoice_transactions',1),(4,'2014_05_03_054406_title_setting',1),(5,'2014_05_12_000250_activities',1),(6,'2014_05_12_023615_user_update',1),(7,'2014_06_14_040116_activities_update',1),(8,'2014_06_16_015352_version_220',1),(9,'2014_06_18_055133_user_custom_fields',1),(10,'2014_06_27_233838_version_223',1),(11,'2014_07_08_042425_currencies',1),(12,'2014_08_02_005019_recurring_cleanup',1),(13,'2014_08_03_035548_payment_methods',1),(14,'2014_08_10_052026_quote_terms',1),(15,'2014_08_10_214603_payment_receipt',1),(16,'2014_09_08_024058_tax_rate_decimals',1),(17,'2014_10_10_050434_templates',1),(18,'2014_10_29_021905_fix_template_fields',1),(19,'2014_12_23_022718_pdf_driver',1),(20,'2015_02_18_041012_recurring_invoices',1),(21,'2015_03_03_015011_decimal_amounts',1),(22,'2015_03_14_221251_item_taxes',1),(23,'2015_03_26_021135_quote_term_option',1),(24,'2015_04_05_041737_currency',1),(25,'2015_04_25_195050_add_client_list_identifier',1),(26,'2015_05_04_025949_dashboard_total_setting',1),(27,'2015_05_10_043924_version_266',1),(28,'2015_06_07_062652_rename_invoice_groups',1),(29,'2015_06_13_182739_dashboard_widget_settings',1),(30,'2015_06_14_035737_api_keys',1),(31,'2015_07_19_043642_currency_driver',1),(32,'2015_07_20_022514_addresses',1),(33,'2015_07_26_012508_profileimagedriver',1),(34,'2015_07_27_035101_client_login',1),(35,'2015_08_02_053301_invoice_quote_summary',1),(36,'2015_08_11_032441_dashboard_settings',1),(37,'2015_08_14_190749_default_templates',1),(38,'2015_08_15_182237_amounts',1),(39,'2015_08_15_193800_merchant_settings',1),(40,'2015_09_04_053725_notes',1),(41,'2015_09_14_013423_client_language',1),(42,'2015_09_20_235940_addons',1),(43,'2015_10_05_011820_viewed',1),(44,'2015_10_12_022848_quote_status_change_settings',1),(45,'2015_10_17_060408_mail_queue',1),(46,'2015_11_07_052938_default_skin',1),(47,'2015_12_29_065734_address_format_setting',1),(48,'2015_12_29_071028_user_address',1),(49,'2016_01_04_015003_results_per_page',1),(50,'2016_01_04_015121_version_2016-1',1),(51,'2016_01_04_061739_version_2016-2',1),(52,'2016_01_05_033252_version_2016-3',1),(53,'2016_01_07_043853_profile_image_setting',1),(54,'2016_01_08_050627_version_2016-4',1),(55,'2016_01_10_211014_mail_queue_body',1),(56,'2016_01_10_220731_version_2016-5',1),(57,'2016_01_31_012603_version_2016-6',1),(58,'2016_02_08_033744_paypal_test_mode',1),(59,'2016_02_12_040151_client_user_accounts',1),(60,'2016_02_12_042242_version_2016-7',1),(61,'2016_02_15_051826_version_2016-8',1),(62,'2016_02_21_033244_fix_dates',1),(63,'2016_02_21_044055_version_2016-9',1),(64,'2016_03_14_021212_addon_reports',1),(65,'2016_03_15_033138_version_2016-10',1),(66,'2016_03_23_010154_discount',1),(67,'2016_03_23_013411_discount_amounts',1),(68,'2016_03_26_191950_version_2016-11',1),(69,'2016_03_29_033334_expenses',1),(70,'2016_04_02_200740_attachments',1),(71,'2016_04_05_000426_stripe_requirements',1),(72,'2016_04_18_022459_attachment_visibility',1),(73,'2016_04_26_210754_version_2016-12',1),(74,'2016_04_28_025617_version_2016-13',1),(75,'2016_05_08_202446_enhance_groups',1),(76,'2016_05_09_003007_groups_last_generated',1),(77,'2016_05_10_045747_upcoming_payment_notice_email_body',1),(78,'2016_05_11_045249_email_subject_settings',1),(79,'2016_05_18_044934_write_email_templates',1),(80,'2016_06_19_235132_fix_templates',1),(81,'2016_06_20_000522_version_2016-14',1),(82,'2016_07_09_040501_payment_button_text',1),(83,'2016_08_14_185034_version_2016-15',1),(84,'2016_08_22_015141_fix_expense_column',1),(85,'2016_08_31_042637_version_2016-16',1),(86,'2016_09_10_200830_amount_field_decimals',1),(87,'2016_09_10_203542_decimal_settings',1),(88,'2016_09_10_223620_item_lookup_tax_rates',1),(89,'2016_09_19_051414_version_2016-17',1),(90,'2016_11_29_053823_custom_date_range_reset',1),(91,'2016_12_05_035454_version_2016-18',1),(92,'2016_12_07_030044_version_2016-19',1),(93,'2016_12_12_235934_default_custom_records',1),(94,'2016_12_15_043022_version_2016-20',1),(95,'2016_12_19_003158_company_profiles_table',1),(96,'2016_12_19_003536_company_profiles_fks',1),(97,'2016_12_19_003748_company_profiles_create',1),(98,'2016_12_19_020559_company_profiles_del_cols',1),(99,'2016_12_26_211622_recurring_invoice_tables',1),(100,'2016_12_26_233503_migrate_recurring_invoices',1),(101,'2017_01_02_005236_recurring_invoices_custom',1),(102,'2017_01_15_030556_payment_without_balance',1),(103,'2017_01_23_020903_version_2017-1',1),(104,'2017_01_24_042624_upgrade_email_templates',1),(105,'2017_02_13_051633_version_2017-2',1),(106,'2017_02_23_033753_custom_fields_tbl_name',1),(107,'2017_02_27_031528_recent_client_activity_widget',1),(108,'2017_02_27_033017_version_2017-3',1),(109,'2017_04_22_185022_company_profile_logo_templates',1),(110,'2017_04_22_213037_client_remove_templates',1),(111,'2017_04_24_042245_company_profile_custom_fields',1),(112,'2017_05_07_000125_version_2017-4',1),(113,'2017_05_09_033645_add_missing_recurring_custom',1),(114,'2017_05_13_205043_group_last_number',1),(115,'2017_05_16_024448_version_2017-5',1),(116,'2017_05_25_030801_version_2017-6',1),(117,'2017_06_03_041502_invoice_create_date',1),(118,'2017_06_05_001009_quote_create_date',1),(119,'2017_06_18_050020_merchant_tables',1),(120,'2017_07_08_224857_migrate_merchant_settings',1),(121,'2017_07_16_032828_increase_summary_field',1),(122,'2017_07_16_204425_version_2017-7',1),(123,'2017_07_30_211349_stripe_bitcoin_setting',1),(124,'2017_07_31_024009_remove_client_allow_login',1),(125,'2017_07_31_044706_version_2017-8',1),(126,'2017_08_06_203435_version_2017-9',1),(127,'2017_08_27_215503_version_2017-10',1),(128,'2017_09_03_233246_expense_tax',1),(129,'2017_10_08_010138_status_filters',1),(130,'2017_11_04_184458_tax_vat_gst',1),(131,'2017_11_09_015657_fixerio_currency_converter',1),(132,'2017_11_09_021103_expense_custom_fields',1),(133,'2017_11_09_023349_version_2017-11',1),(134,'2018_01_14_060111_version_2017-12',1),(135,'2018_01_17_032612_version_2017-13',1),(136,'2018_02_18_043851_client_contacts',1),(137,'2018_03_12_062552_version_2018-1',1),(138,'2018_03_26_043130_version_2018-2',1),(139,'2018_03_27_041314_version_2018-3',1),(140,'2018_03_29_045422_version_2018-4',1),(141,'2018_04_01_033658_mail_queue_fix_encoding',1),(142,'2018_04_02_050533_version_2018-5',1),(143,'2016_08_10_062355_scheduler_addon_install',2),(144,'2016_09_26_111111_SCversion_1-0-3',2),(145,'2016_12_01_111111_SCversion_1-0-4',2),(146,'2017_01_11_111111_SCversion_1-0-5',2),(147,'2017_02_16_111111_SCversion_1-0-6',2),(148,'2017_02_16_123353_update_scheduler_autoincrement',2),(149,'2017_07_28_000000_SCversion_1-0-7',2),(150,'2018_02_07_000000_update_scheduler_tables',2),(151,'2018_02_07_111111_create_scheduler_settings_table',2),(152,'2018_02_09_000000_move_scheduler_resources',2),(153,'2018_02_16_000000_change_scheduler_foreign',2),(154,'2018_03_29_000000_SCversion_2-0-1',2);
/*!40000 ALTER TABLE `migrations` ENABLE KEYS */;
UNLOCK TABLES;

--
-- Table structure for table `notes`
--

DROP TABLE IF EXISTS `notes`;
/*!40101 SET @saved_cs_client     = @@character_set_client */;
/*!50503 SET character_set_client = utf8mb4 */;
CREATE TABLE `notes` (
  `id` int unsigned NOT NULL AUTO_INCREMENT,
  `created_at` timestamp NULL DEFAULT NULL,
  `updated_at` timestamp NULL DEFAULT NULL,
  `user_id` int NOT NULL,
  `notable_id` int NOT NULL,
  `notable_type` varchar(255) CHARACTER SET utf8mb3 COLLATE utf8mb3_unicode_ci NOT NULL,
  `note` longtext CHARACTER SET utf8mb3 COLLATE utf8mb3_unicode_ci NOT NULL,
  `private` tinyint(1) NOT NULL,
  PRIMARY KEY (`id`)
) ENGINE=InnoDB DEFAULT CHARSET=utf8mb3 COLLATE=utf8mb3_unicode_ci;
/*!40101 SET character_set_client = @saved_cs_client */;

--
-- Dumping data for table `notes`
--

LOCK TABLES `notes` WRITE;
/*!40000 ALTER TABLE `notes` DISABLE KEYS */;
/*!40000 ALTER TABLE `notes` ENABLE KEYS */;
UNLOCK TABLES;

--
-- Table structure for table `payment_methods`
--

DROP TABLE IF EXISTS `payment_methods`;
/*!40101 SET @saved_cs_client     = @@character_set_client */;
/*!50503 SET character_set_client = utf8mb4 */;
CREATE TABLE `payment_methods` (
  `id` int unsigned NOT NULL AUTO_INCREMENT,
  `created_at` timestamp NULL DEFAULT NULL,
  `updated_at` timestamp NULL DEFAULT NULL,
  `name` varchar(255) CHARACTER SET utf8mb3 COLLATE utf8mb3_unicode_ci NOT NULL,
  PRIMARY KEY (`id`)
) ENGINE=InnoDB AUTO_INCREMENT=6 DEFAULT CHARSET=utf8mb3 COLLATE=utf8mb3_unicode_ci;
/*!40101 SET character_set_client = @saved_cs_client */;

--
-- Dumping data for table `payment_methods`
--

LOCK TABLES `payment_methods` WRITE;
/*!40000 ALTER TABLE `payment_methods` DISABLE KEYS */;
INSERT INTO `payment_methods` VALUES (1,'2021-12-31 06:30:44','2021-12-31 06:30:44','Cash'),(2,'2021-12-31 06:30:44','2021-12-31 06:30:44','Credit Card'),(3,'2021-12-31 06:30:44','2022-01-12 04:32:19','Check'),(4,'2022-01-12 04:32:37','2022-01-12 04:32:37','ACH Deposit'),(5,'2022-04-28 04:16:13','2022-04-28 04:16:13','NMI');
/*!40000 ALTER TABLE `payment_methods` ENABLE KEYS */;
UNLOCK TABLES;

--
-- Table structure for table `payments`
--

DROP TABLE IF EXISTS `payments`;
/*!40101 SET @saved_cs_client     = @@character_set_client */;
/*!50503 SET character_set_client = utf8mb4 */;
CREATE TABLE `payments` (
  `id` int unsigned NOT NULL AUTO_INCREMENT,
  `created_at` timestamp NULL DEFAULT NULL,
  `updated_at` timestamp NULL DEFAULT NULL,
  `invoice_id` int NOT NULL,
  `payment_method_id` int NOT NULL,
  `paid_at` date NOT NULL,
  `note` text CHARACTER SET utf8mb3 COLLATE utf8mb3_unicode_ci NOT NULL,
  `amount` decimal(20,4) NOT NULL DEFAULT '0.0000',
  PRIMARY KEY (`id`),
  KEY `payments_invoice_id_index` (`invoice_id`),
  KEY `payments_payment_method_id_index` (`payment_method_id`)
) ENGINE=InnoDB AUTO_INCREMENT=19 DEFAULT CHARSET=utf8mb3 COLLATE=utf8mb3_unicode_ci;
/*!40101 SET character_set_client = @saved_cs_client */;

--
-- Dumping data for table `payments`
--

LOCK TABLES `payments` WRITE;
/*!40000 ALTER TABLE `payments` DISABLE KEYS */;
INSERT INTO `payments` VALUES (1,'2022-01-03 01:34:47','2022-01-03 01:34:47',1,1,'2022-01-03','',400.0000),(2,'2022-01-11 22:35:15','2022-01-11 22:35:15',23,1,'2022-01-11','',50.0000),(3,'2022-01-12 05:38:43','2022-01-12 05:38:43',35,1,'2022-01-12','',10200.0000),(5,'2022-01-15 03:05:16','2022-01-15 03:05:16',39,4,'2022-01-15','',31.0000),(6,'2022-01-15 03:06:14','2022-01-15 03:06:14',39,4,'2022-01-15','',31.0000),(9,'2022-02-18 08:17:14','2022-02-18 08:17:14',71,4,'2022-02-18','paid',1498.0000),(10,'2022-04-25 00:42:38','2022-04-25 00:42:38',84,1,'2022-04-25','paid through cash',64350.0000),(11,'2022-04-25 00:42:45','2022-04-25 00:42:45',84,1,'2022-04-25','paid through cash',64350.0000),(12,'2022-05-04 00:54:20','2022-05-04 00:54:20',87,4,'2022-05-04','',2206.0000),(13,'2022-05-09 05:14:15','2022-05-09 05:14:15',88,4,'2022-05-09','',214.0000),(14,'2022-05-09 07:30:28','2022-05-09 07:30:28',87,4,'2022-05-09','',21.4000),(17,'2022-05-10 03:26:43','2022-05-10 03:26:43',91,1,'2022-05-10','',6234.0000),(18,'2022-06-28 00:41:13','2022-06-28 00:41:13',99,4,'2022-06-28','',430.6800);
/*!40000 ALTER TABLE `payments` ENABLE KEYS */;
UNLOCK TABLES;

--
-- Table structure for table `payments_custom`
--

DROP TABLE IF EXISTS `payments_custom`;
/*!40101 SET @saved_cs_client     = @@character_set_client */;
/*!50503 SET character_set_client = utf8mb4 */;
CREATE TABLE `payments_custom` (
  `payment_id` int NOT NULL,
  `created_at` timestamp NULL DEFAULT NULL,
  `updated_at` timestamp NULL DEFAULT NULL,
  PRIMARY KEY (`payment_id`)
) ENGINE=InnoDB DEFAULT CHARSET=utf8mb3 COLLATE=utf8mb3_unicode_ci;
/*!40101 SET character_set_client = @saved_cs_client */;

--
-- Dumping data for table `payments_custom`
--

LOCK TABLES `payments_custom` WRITE;
/*!40000 ALTER TABLE `payments_custom` DISABLE KEYS */;
INSERT INTO `payments_custom` VALUES (1,'2022-01-03 01:34:48','2022-01-03 01:34:48'),(2,'2022-01-11 22:35:15','2022-01-11 22:35:15'),(3,'2022-01-12 05:38:43','2022-01-12 05:38:43'),(5,'2022-01-15 03:05:16','2022-01-15 03:05:16'),(6,'2022-01-15 03:06:14','2022-01-15 03:06:14'),(9,'2022-02-18 08:17:14','2022-02-18 08:17:14'),(10,'2022-04-25 00:42:38','2022-04-25 00:42:38'),(11,'2022-04-25 00:42:45','2022-04-25 00:42:45'),(12,'2022-05-04 00:54:20','2022-05-04 00:54:20'),(13,'2022-05-09 05:14:15','2022-05-09 05:14:15'),(14,'2022-05-09 07:30:28','2022-05-09 07:30:28'),(17,'2022-05-10 03:26:43','2022-05-10 03:26:43'),(18,'2022-06-28 00:41:13','2022-06-28 00:41:13');
/*!40000 ALTER TABLE `payments_custom` ENABLE KEYS */;
UNLOCK TABLES;

--
-- Table structure for table `quote_amounts`
--

DROP TABLE IF EXISTS `quote_amounts`;
/*!40101 SET @saved_cs_client     = @@character_set_client */;
/*!50503 SET character_set_client = utf8mb4 */;
CREATE TABLE `quote_amounts` (
  `id` int unsigned NOT NULL AUTO_INCREMENT,
  `created_at` timestamp NULL DEFAULT NULL,
  `updated_at` timestamp NULL DEFAULT NULL,
  `quote_id` int NOT NULL,
  `subtotal` decimal(20,4) NOT NULL DEFAULT '0.0000',
  `discount` decimal(20,4) NOT NULL DEFAULT '0.0000',
  `tax` decimal(20,4) NOT NULL DEFAULT '0.0000',
  `total` decimal(20,4) NOT NULL DEFAULT '0.0000',
  PRIMARY KEY (`id`),
  KEY `quote_amounts_quote_id_index` (`quote_id`)
) ENGINE=InnoDB AUTO_INCREMENT=138 DEFAULT CHARSET=utf8mb3 COLLATE=utf8mb3_unicode_ci;
/*!40101 SET character_set_client = @saved_cs_client */;

--
-- Dumping data for table `quote_amounts`
--

LOCK TABLES `quote_amounts` WRITE;
/*!40000 ALTER TABLE `quote_amounts` DISABLE KEYS */;
INSERT INTO `quote_amounts` VALUES (125,'2022-06-03 06:31:55','2022-08-05 04:43:21',125,73.5000,0.0000,5.1450,78.6450),(126,'2022-06-03 06:32:06','2022-06-03 06:33:28',126,268.0000,0.0000,18.7600,286.7600),(127,'2022-06-13 03:36:13','2022-06-13 03:36:34',127,4.5000,0.0000,0.3150,4.8150),(128,'2022-07-28 02:07:46','2022-07-28 02:07:46',128,0.0000,0.0000,0.0000,0.0000),(129,'2022-08-04 02:18:04','2022-08-05 04:33:49',129,150.0000,0.0000,8.7500,158.7500),(130,'2022-08-08 02:03:39','2022-08-08 02:03:39',130,0.0000,0.0000,0.0000,0.0000),(131,'2022-08-08 02:03:46','2022-08-08 02:03:46',131,0.0000,0.0000,0.0000,0.0000),(132,'2022-08-08 02:07:17','2022-08-08 02:07:36',132,20.0000,0.0000,1.2000,21.2000),(133,'2022-08-08 23:01:48','2022-08-08 23:01:48',133,0.0000,0.0000,0.0000,0.0000),(134,'2022-08-09 05:39:02','2022-08-09 05:39:10',134,10.0000,0.0000,0.0000,10.0000),(135,'2022-08-09 05:52:11','2022-08-09 05:52:23',135,125.0000,0.0000,8.7500,133.7500),(136,'2022-08-10 03:24:20','2022-08-10 03:24:31',136,10.0000,0.0000,0.0000,10.0000),(137,'2022-08-16 10:41:24','2022-08-16 10:41:24',137,0.0000,0.0000,0.0000,0.0000);
/*!40000 ALTER TABLE `quote_amounts` ENABLE KEYS */;
UNLOCK TABLES;

--
-- Table structure for table `quote_group_lists`
--

DROP TABLE IF EXISTS `quote_group_lists`;
/*!40101 SET @saved_cs_client     = @@character_set_client */;
/*!50503 SET character_set_client = utf8mb4 */;
CREATE TABLE `quote_group_lists` (
  `id` int unsigned NOT NULL AUTO_INCREMENT,
  `created_at` timestamp NULL DEFAULT NULL,
  `updated_at` timestamp NULL DEFAULT NULL,
  `name` varchar(255) NOT NULL,
  `description` text,
  `total` decimal(20,4) NOT NULL DEFAULT '0.0000',
  `inventory_group_list_id` int DEFAULT NULL,
  `quote_id` int DEFAULT NULL,
  `quantity` int NOT NULL DEFAULT '0',
  `display_order` int NOT NULL DEFAULT '0',
  `price` decimal(20,4) DEFAULT '0.0000',
  PRIMARY KEY (`id`)
) ENGINE=InnoDB AUTO_INCREMENT=5 DEFAULT CHARSET=utf8mb4 COLLATE=utf8mb4_0900_ai_ci;
/*!40101 SET character_set_client = @saved_cs_client */;

--
-- Dumping data for table `quote_group_lists`
--

LOCK TABLES `quote_group_lists` WRITE;
/*!40000 ALTER TABLE `quote_group_lists` DISABLE KEYS */;
INSERT INTO `quote_group_lists` VALUES (3,'2022-08-05 03:03:57','2022-08-05 04:33:49','back stage','',198.0000,0,129,2,1,99.0000),(4,'2022-08-05 04:43:21','2022-08-05 04:43:21','test with barcode','',69.0000,3,125,1,1,69.0000);
/*!40000 ALTER TABLE `quote_group_lists` ENABLE KEYS */;
UNLOCK TABLES;

--
-- Table structure for table `quote_item_amounts`
--

DROP TABLE IF EXISTS `quote_item_amounts`;
/*!40101 SET @saved_cs_client     = @@character_set_client */;
/*!50503 SET character_set_client = utf8mb4 */;
CREATE TABLE `quote_item_amounts` (
  `id` int unsigned NOT NULL AUTO_INCREMENT,
  `created_at` timestamp NULL DEFAULT NULL,
  `updated_at` timestamp NULL DEFAULT NULL,
  `item_id` int NOT NULL,
  `subtotal` decimal(20,4) NOT NULL DEFAULT '0.0000',
  `tax_1` decimal(20,4) NOT NULL DEFAULT '0.0000',
  `tax_2` decimal(20,4) NOT NULL DEFAULT '0.0000',
  `tax` decimal(20,4) NOT NULL DEFAULT '0.0000',
  `total` decimal(20,4) NOT NULL DEFAULT '0.0000',
  PRIMARY KEY (`id`),
  KEY `quote_item_amounts_item_id_index` (`item_id`)
) ENGINE=InnoDB AUTO_INCREMENT=101 DEFAULT CHARSET=utf8mb3 COLLATE=utf8mb3_unicode_ci;
/*!40101 SET character_set_client = @saved_cs_client */;

--
-- Dumping data for table `quote_item_amounts`
--

LOCK TABLES `quote_item_amounts` WRITE;
/*!40000 ALTER TABLE `quote_item_amounts` DISABLE KEYS */;
INSERT INTO `quote_item_amounts` VALUES (87,'2022-06-03 06:32:08','2022-08-05 04:43:21',87,69.0000,4.8300,0.0000,4.8300,73.8300),(88,'2022-06-03 06:32:08','2022-08-05 04:43:21',88,4.5000,0.3150,0.0000,0.3150,4.8150),(89,'2022-06-03 06:32:23','2022-06-03 06:33:28',89,199.0000,13.9300,0.0000,13.9300,212.9300),(90,'2022-06-03 06:32:23','2022-06-03 06:33:28',90,69.0000,4.8300,0.0000,4.8300,73.8300),(91,'2022-06-13 03:36:20','2022-06-13 03:36:34',91,4.5000,0.3150,0.0000,0.3150,4.8150),(92,'2022-08-04 02:18:13','2022-08-05 04:33:49',92,15.0000,0.0000,0.0000,0.0000,15.0000),(93,'2022-08-04 02:18:13','2022-08-05 04:33:49',93,10.0000,0.0000,0.0000,0.0000,10.0000),(94,'2022-08-05 02:52:21','2022-08-05 04:33:49',94,125.0000,8.7500,0.0000,8.7500,133.7500),(97,'2022-08-08 02:07:36','2022-08-08 02:07:36',97,20.0000,1.2000,0.0000,1.2000,21.2000),(98,'2022-08-09 05:39:10','2022-08-09 05:39:10',98,10.0000,0.0000,0.0000,0.0000,10.0000),(99,'2022-08-09 05:52:23','2022-08-09 05:52:23',99,125.0000,8.7500,0.0000,8.7500,133.7500),(100,'2022-08-10 03:24:31','2022-08-10 03:24:31',100,10.0000,0.0000,0.0000,0.0000,10.0000);
/*!40000 ALTER TABLE `quote_item_amounts` ENABLE KEYS */;
UNLOCK TABLES;

--
-- Table structure for table `quote_items`
--

DROP TABLE IF EXISTS `quote_items`;
/*!40101 SET @saved_cs_client     = @@character_set_client */;
/*!50503 SET character_set_client = utf8mb4 */;
CREATE TABLE `quote_items` (
  `id` int unsigned NOT NULL AUTO_INCREMENT,
  `created_at` timestamp NULL DEFAULT NULL,
  `updated_at` timestamp NULL DEFAULT NULL,
  `quote_id` int NOT NULL,
  `tax_rate_id` int NOT NULL,
  `tax_rate_2_id` int NOT NULL DEFAULT '0',
  `name` varchar(255) CHARACTER SET utf8mb3 COLLATE utf8mb3_unicode_ci NOT NULL,
  `description` text CHARACTER SET utf8mb3 COLLATE utf8mb3_unicode_ci NOT NULL,
  `quantity` decimal(20,4) NOT NULL DEFAULT '0.0000',
  `display_order` int NOT NULL,
  `price` decimal(20,4) NOT NULL DEFAULT '0.0000',
  `inventory_id` int DEFAULT NULL,
  PRIMARY KEY (`id`),
  KEY `quote_items_quote_id_index` (`quote_id`),
  KEY `quote_items_display_order_index` (`display_order`),
  KEY `quote_items_tax_rate_id_index` (`tax_rate_id`),
  KEY `quote_items_tax_rate_2_id_index` (`tax_rate_2_id`)
) ENGINE=InnoDB AUTO_INCREMENT=101 DEFAULT CHARSET=utf8mb3 COLLATE=utf8mb3_unicode_ci;
/*!40101 SET character_set_client = @saved_cs_client */;

--
-- Dumping data for table `quote_items`
--

LOCK TABLES `quote_items` WRITE;
/*!40000 ALTER TABLE `quote_items` DISABLE KEYS */;
INSERT INTO `quote_items` VALUES (87,'2022-06-03 06:32:08','2022-08-05 04:43:21',125,1,0,'FULL SILVER MEDIUM METAL ROUND TABLE','',1.0000,1,69.0000,16),(88,'2022-06-03 06:32:08','2022-08-05 04:43:21',125,1,0,'GATHERING VASE','',1.0000,2,4.5000,17),(89,'2022-06-03 06:32:23','2022-06-03 06:33:28',126,1,0,'BLACK/GOLD TIERED COFFEE TABLE','',1.0000,1,199.0000,15),(90,'2022-06-03 06:32:23','2022-06-03 06:33:28',126,1,0,'FULL SILVER MEDIUM METAL ROUND TABLE','',1.0000,2,69.0000,16),(91,'2022-06-13 03:36:20','2022-06-13 03:36:34',127,1,0,'GATHERING VASE','',1.0000,1,4.5000,17),(92,'2022-08-04 02:18:13','2022-08-05 04:33:49',129,0,0,'CRYSTAL MIRROR TRAY','',1.0000,1,15.0000,24),(93,'2022-08-04 02:18:13','2022-08-05 04:33:49',129,0,0,'HAND SCULPTURE GOLD','',1.0000,2,10.0000,22),(94,'2022-08-05 02:52:21','2022-08-05 04:33:49',129,1,0,'ROUND GOLD COFFEE TABLE','',1.0000,3,125.0000,19),(97,'2022-08-08 02:07:36','2022-08-08 02:07:36',132,2,0,'METAL FLOWER BOWL','',1.0000,1,20.0000,25),(98,'2022-08-09 05:39:10','2022-08-09 05:39:10',134,0,0,'LARGE BLACK SMOKE VASE','',1.0000,1,10.0000,26),(99,'2022-08-09 05:52:23','2022-08-09 05:52:23',135,1,0,'ROUND GOLD COFFEE TABLE','',1.0000,1,125.0000,19),(100,'2022-08-10 03:24:31','2022-08-10 03:24:31',136,0,0,'GOLD METAL CIRCLE VASE','',1.0000,1,10.0000,27);
/*!40000 ALTER TABLE `quote_items` ENABLE KEYS */;
UNLOCK TABLES;

--
-- Table structure for table `quote_tax_rates`
--

DROP TABLE IF EXISTS `quote_tax_rates`;
/*!40101 SET @saved_cs_client     = @@character_set_client */;
/*!50503 SET character_set_client = utf8mb4 */;
CREATE TABLE `quote_tax_rates` (
  `id` int unsigned NOT NULL AUTO_INCREMENT,
  `created_at` timestamp NULL DEFAULT NULL,
  `updated_at` timestamp NULL DEFAULT NULL,
  `quote_id` int NOT NULL,
  `tax_rate_id` int NOT NULL,
  `include_item_tax` tinyint(1) NOT NULL DEFAULT '0',
  `tax_total` decimal(15,2) NOT NULL DEFAULT '0.00',
  PRIMARY KEY (`id`),
  KEY `quote_tax_rates_quote_id_index` (`quote_id`),
  KEY `quote_tax_rates_tax_rate_id_index` (`tax_rate_id`)
) ENGINE=InnoDB DEFAULT CHARSET=utf8mb3 COLLATE=utf8mb3_unicode_ci;
/*!40101 SET character_set_client = @saved_cs_client */;

--
-- Dumping data for table `quote_tax_rates`
--

LOCK TABLES `quote_tax_rates` WRITE;
/*!40000 ALTER TABLE `quote_tax_rates` DISABLE KEYS */;
/*!40000 ALTER TABLE `quote_tax_rates` ENABLE KEYS */;
UNLOCK TABLES;

--
-- Table structure for table `quotes`
--

DROP TABLE IF EXISTS `quotes`;
/*!40101 SET @saved_cs_client     = @@character_set_client */;
/*!50503 SET character_set_client = utf8mb4 */;
CREATE TABLE `quotes` (
  `id` int unsigned NOT NULL AUTO_INCREMENT,
  `created_at` timestamp NULL DEFAULT NULL,
  `updated_at` timestamp NULL DEFAULT NULL,
  `quote_date` date NOT NULL,
  `event_date` date NOT NULL,
  `invoice_id` int NOT NULL DEFAULT '0',
  `user_id` int NOT NULL,
  `client_id` int NOT NULL,
  `group_id` int NOT NULL,
  `quote_status_id` int NOT NULL,
  `expires_at` date NOT NULL,
  `number` varchar(255) CHARACTER SET utf8mb3 COLLATE utf8mb3_unicode_ci NOT NULL,
  `footer` text CHARACTER SET utf8mb3 COLLATE utf8mb3_unicode_ci,
  `url_key` varchar(255) CHARACTER SET utf8mb3 COLLATE utf8mb3_unicode_ci NOT NULL,
  `currency_code` varchar(255) CHARACTER SET utf8mb3 COLLATE utf8mb3_unicode_ci DEFAULT NULL,
  `exchange_rate` decimal(10,7) NOT NULL DEFAULT '1.0000000',
  `terms` text CHARACTER SET utf8mb3 COLLATE utf8mb3_unicode_ci,
  `template` varchar(255) CHARACTER SET utf8mb3 COLLATE utf8mb3_unicode_ci DEFAULT NULL,
  `summary` varchar(255) CHARACTER SET utf8mb3 COLLATE utf8mb3_unicode_ci DEFAULT NULL,
  `viewed` tinyint(1) NOT NULL DEFAULT '0',
  `discount` decimal(15,2) NOT NULL DEFAULT '0.00',
  `company_profile_id` int NOT NULL,
  `sign` text COLLATE utf8mb3_unicode_ci,
  PRIMARY KEY (`id`),
  KEY `quotes_user_id_index` (`user_id`),
  KEY `quotes_client_id_index` (`client_id`),
  KEY `quotes_invoice_group_id_index` (`group_id`),
  KEY `quotes_number_index` (`number`),
  KEY `quotes_company_profile_id_index` (`company_profile_id`)
) ENGINE=InnoDB AUTO_INCREMENT=138 DEFAULT CHARSET=utf8mb3 COLLATE=utf8mb3_unicode_ci;
/*!40101 SET character_set_client = @saved_cs_client */;

--
-- Dumping data for table `quotes`
--

LOCK TABLES `quotes` WRITE;
/*!40000 ALTER TABLE `quotes` DISABLE KEYS */;
INSERT INTO `quotes` VALUES (125,'2022-06-03 06:31:55','2022-06-03 06:32:19','2022-06-03','2022-06-03',96,2,1955,2,3,'2022-06-18','QUO105','','XE7fnksRe6VWtd2s8ehR3RGGgzzIhKHq','USD',1.0000000,'','custom.blade.php','',0,0.00,1,NULL),(126,'2022-06-03 06:32:06','2022-06-03 06:33:32','2022-06-03','2022-06-25',97,2,1955,2,3,'2022-06-18','QUO106','','Clf8CpLsK2P14xWptKuovNi7yuTLNOKz','USD',1.0000000,'','custom.blade.php','UAT Demo for Millennium',0,0.00,1,NULL),(127,'2022-06-13 03:36:13','2022-06-13 03:36:38','2022-06-13','2022-06-13',98,2,1955,2,3,'2022-06-28','QUO107','','6v5CtZFhdUonnLIlgoAqPH7ITdNSJZk1','USD',1.0000000,'','custom.blade.php','',0,0.00,1,NULL),(128,'2022-07-28 02:07:46','2022-07-28 02:07:46','2022-07-29','2022-07-29',0,2,1955,2,1,'2022-08-13','QUO108','','I6bpPDliUl7Q2vcO8sIAAiu8lmRXy43Z','USD',1.0000000,'','custom.blade.php',NULL,0,0.00,1,NULL),(129,'2022-08-04 02:18:04','2022-08-04 02:18:26','2022-08-17','2022-08-18',100,2,1958,2,3,'2022-09-01','QUO109','','HKmobInoARGYWziNQvIFRmuVFrPVLAl1','USD',1.0000000,'','custom.blade.php','',0,0.00,1,NULL),(130,'2022-08-08 02:03:39','2022-08-08 02:03:39','2022-08-08','2022-08-08',0,2,1955,2,1,'2022-08-23','QUO110','','I0JhYUuT5sdhngx0Jq2qDINpUhBEHpDB','USD',1.0000000,'','custom.blade.php',NULL,0,0.00,1,NULL),(131,'2022-08-08 02:03:46','2022-08-08 02:03:46','2022-08-08','2022-08-08',0,2,1955,2,1,'2022-08-23','QUO111','','uK6vluwtZtQRiVpxwHoCQePMmwUjcrrf','USD',1.0000000,'','custom.blade.php',NULL,0,0.00,1,NULL),(132,'2022-08-08 02:07:17','2022-08-08 02:07:36','2022-08-08','2022-08-08',0,2,1955,2,1,'2022-08-23','QUO112','','9xIXW6YTbnqm1mlY3YTn09EniiEjIWDY','USD',1.0000000,'','custom.blade.php','',0,0.00,1,NULL),(133,'2022-08-08 23:01:48','2022-08-08 23:01:48','2022-08-17','2022-08-22',0,2,1955,2,1,'2022-09-01','QUO113','','K8MWUbPjwXOWWFVOtnfoU2HYqqpeaAhA','USD',1.0000000,'','custom.blade.php',NULL,0,0.00,1,NULL),(134,'2022-08-09 05:39:02','2022-08-10 03:11:21','2022-08-30','2022-08-31',0,2,1955,2,2,'2022-09-14','QUO114','','Fr4gq0soRO5b9NbLgWv51UhwYYeOlqch','USD',1.0000000,'','custom.blade.php','',0,0.00,1,NULL),(135,'2022-08-09 05:52:11','2022-08-09 05:52:23','2022-08-09','2022-08-12',0,2,1955,2,1,'2022-08-24','QUO115','','Vz3dvLxambDxj0G43xb31Go4FSi3kysz','USD',1.0000000,'','custom.blade.php','',0,0.00,1,NULL),(136,'2022-08-10 03:24:20','2022-08-10 03:24:31','2022-09-15','2022-09-16',0,2,1955,2,1,'2022-09-30','QUO116','','JRHmiEJ0rF7cu4eVlpeNVux8LhrLmZOF','USD',1.0000000,'','custom.blade.php','',0,0.00,1,NULL),(137,'2022-08-16 10:41:24','2022-08-16 10:42:25','2022-08-16','2022-08-16',0,2,1961,2,1,'2022-08-31','QUO117','','UcOzs8YnxD4UrSENBM2b931vLnJL9556','USD',1.0000000,'','custom.blade.php','',0,0.00,1,NULL);
/*!40000 ALTER TABLE `quotes` ENABLE KEYS */;
UNLOCK TABLES;

--
-- Table structure for table `quotes_custom`
--

DROP TABLE IF EXISTS `quotes_custom`;
/*!40101 SET @saved_cs_client     = @@character_set_client */;
/*!50503 SET character_set_client = utf8mb4 */;
CREATE TABLE `quotes_custom` (
  `quote_id` int NOT NULL,
  `created_at` timestamp NULL DEFAULT NULL,
  `updated_at` timestamp NULL DEFAULT NULL,
  `column_1` varchar(255) CHARACTER SET utf8mb3 COLLATE utf8mb3_unicode_ci DEFAULT NULL,
  `column_2` varchar(255) CHARACTER SET utf8mb3 COLLATE utf8mb3_unicode_ci DEFAULT NULL,
  `column_3` varchar(255) CHARACTER SET utf8mb3 COLLATE utf8mb3_unicode_ci DEFAULT NULL,
  `column_4` varchar(255) COLLATE utf8mb3_unicode_ci DEFAULT NULL,
  `column_5` varchar(255) COLLATE utf8mb3_unicode_ci DEFAULT NULL,
  `column_6` varchar(255) COLLATE utf8mb3_unicode_ci DEFAULT NULL,
  `column_7` text COLLATE utf8mb3_unicode_ci,
  PRIMARY KEY (`quote_id`)
) ENGINE=InnoDB DEFAULT CHARSET=utf8mb3 COLLATE=utf8mb3_unicode_ci;
/*!40101 SET character_set_client = @saved_cs_client */;

--
-- Dumping data for table `quotes_custom`
--

LOCK TABLES `quotes_custom` WRITE;
/*!40000 ALTER TABLE `quotes_custom` DISABLE KEYS */;
INSERT INTO `quotes_custom` VALUES (125,'2022-06-03 06:31:55','2022-06-03 06:32:08','','','','','','',''),(126,'2022-06-03 06:32:06','2022-06-03 06:32:23','','','','','','',''),(127,'2022-06-13 03:36:13','2022-06-13 03:36:20','','','','','','',''),(128,'2022-07-28 02:07:46','2022-07-28 02:07:46',NULL,NULL,NULL,NULL,NULL,NULL,NULL),(129,'2022-08-04 02:18:04','2022-08-04 02:18:13','','','','','','',''),(130,'2022-08-08 02:03:39','2022-08-08 02:03:39',NULL,NULL,NULL,NULL,NULL,NULL,NULL),(131,'2022-08-08 02:03:46','2022-08-08 02:03:46',NULL,NULL,NULL,NULL,NULL,NULL,NULL),(132,'2022-08-08 02:07:17','2022-08-08 02:07:36','','','','','','',''),(133,'2022-08-08 23:01:48','2022-08-08 23:01:48',NULL,NULL,NULL,NULL,NULL,NULL,NULL),(134,'2022-08-09 05:39:02','2022-08-09 05:39:10','','','','','','',''),(135,'2022-08-09 05:52:11','2022-08-09 05:52:23','','','','','','',''),(136,'2022-08-10 03:24:20','2022-08-10 03:24:31','','','','','2022-09-16 00:00:00','2022-09-16 00:00:00',''),(137,'2022-08-16 10:41:24','2022-08-16 10:42:25','','','','','2022-08-16 00:00:00','2022-08-16 00:00:00','');
/*!40000 ALTER TABLE `quotes_custom` ENABLE KEYS */;
UNLOCK TABLES;

--
-- Table structure for table `recurring_invoice_amounts`
--

DROP TABLE IF EXISTS `recurring_invoice_amounts`;
/*!40101 SET @saved_cs_client     = @@character_set_client */;
/*!50503 SET character_set_client = utf8mb4 */;
CREATE TABLE `recurring_invoice_amounts` (
  `id` int unsigned NOT NULL AUTO_INCREMENT,
  `created_at` timestamp NULL DEFAULT NULL,
  `updated_at` timestamp NULL DEFAULT NULL,
  `recurring_invoice_id` int NOT NULL,
  `subtotal` decimal(20,4) NOT NULL,
  `discount` decimal(20,4) NOT NULL,
  `tax` decimal(20,4) NOT NULL,
  `total` decimal(20,4) NOT NULL,
  PRIMARY KEY (`id`),
  KEY `recurring_invoice_amounts_recurring_invoice_id_index` (`recurring_invoice_id`)
) ENGINE=InnoDB AUTO_INCREMENT=2 DEFAULT CHARSET=utf8mb3 COLLATE=utf8mb3_unicode_ci;
/*!40101 SET character_set_client = @saved_cs_client */;

--
-- Dumping data for table `recurring_invoice_amounts`
--

LOCK TABLES `recurring_invoice_amounts` WRITE;
/*!40000 ALTER TABLE `recurring_invoice_amounts` DISABLE KEYS */;
/*!40000 ALTER TABLE `recurring_invoice_amounts` ENABLE KEYS */;
UNLOCK TABLES;

--
-- Table structure for table `recurring_invoice_item_amounts`
--

DROP TABLE IF EXISTS `recurring_invoice_item_amounts`;
/*!40101 SET @saved_cs_client     = @@character_set_client */;
/*!50503 SET character_set_client = utf8mb4 */;
CREATE TABLE `recurring_invoice_item_amounts` (
  `id` int unsigned NOT NULL AUTO_INCREMENT,
  `created_at` timestamp NULL DEFAULT NULL,
  `updated_at` timestamp NULL DEFAULT NULL,
  `item_id` int NOT NULL,
  `subtotal` decimal(20,4) NOT NULL,
  `tax_1` decimal(20,4) NOT NULL,
  `tax_2` decimal(20,4) NOT NULL,
  `tax` decimal(20,4) NOT NULL,
  `total` decimal(20,4) NOT NULL,
  PRIMARY KEY (`id`),
  KEY `recurring_invoice_item_amounts_item_id_index` (`item_id`)
) ENGINE=InnoDB AUTO_INCREMENT=2 DEFAULT CHARSET=utf8mb3 COLLATE=utf8mb3_unicode_ci;
/*!40101 SET character_set_client = @saved_cs_client */;

--
-- Dumping data for table `recurring_invoice_item_amounts`
--

LOCK TABLES `recurring_invoice_item_amounts` WRITE;
/*!40000 ALTER TABLE `recurring_invoice_item_amounts` DISABLE KEYS */;
/*!40000 ALTER TABLE `recurring_invoice_item_amounts` ENABLE KEYS */;
UNLOCK TABLES;

--
-- Table structure for table `recurring_invoice_items`
--

DROP TABLE IF EXISTS `recurring_invoice_items`;
/*!40101 SET @saved_cs_client     = @@character_set_client */;
/*!50503 SET character_set_client = utf8mb4 */;
CREATE TABLE `recurring_invoice_items` (
  `id` int unsigned NOT NULL AUTO_INCREMENT,
  `created_at` timestamp NULL DEFAULT NULL,
  `updated_at` timestamp NULL DEFAULT NULL,
  `recurring_invoice_id` int NOT NULL,
  `tax_rate_id` int NOT NULL DEFAULT '0',
  `tax_rate_2_id` int NOT NULL DEFAULT '0',
  `name` varchar(255) CHARACTER SET utf8mb3 COLLATE utf8mb3_unicode_ci NOT NULL,
  `description` text CHARACTER SET utf8mb3 COLLATE utf8mb3_unicode_ci NOT NULL,
  `quantity` decimal(20,4) NOT NULL,
  `display_order` int NOT NULL DEFAULT '0',
  `price` decimal(20,4) NOT NULL,
  PRIMARY KEY (`id`),
  KEY `recurring_invoice_items_recurring_invoice_id_index` (`recurring_invoice_id`),
  KEY `recurring_invoice_items_tax_rate_id_index` (`tax_rate_id`),
  KEY `recurring_invoice_items_tax_rate_2_id_index` (`tax_rate_2_id`),
  KEY `recurring_invoice_items_display_order_index` (`display_order`)
) ENGINE=InnoDB AUTO_INCREMENT=2 DEFAULT CHARSET=utf8mb3 COLLATE=utf8mb3_unicode_ci;
/*!40101 SET character_set_client = @saved_cs_client */;

--
-- Dumping data for table `recurring_invoice_items`
--

LOCK TABLES `recurring_invoice_items` WRITE;
/*!40000 ALTER TABLE `recurring_invoice_items` DISABLE KEYS */;
/*!40000 ALTER TABLE `recurring_invoice_items` ENABLE KEYS */;
UNLOCK TABLES;

--
-- Table structure for table `recurring_invoices`
--

DROP TABLE IF EXISTS `recurring_invoices`;
/*!40101 SET @saved_cs_client     = @@character_set_client */;
/*!50503 SET character_set_client = utf8mb4 */;
CREATE TABLE `recurring_invoices` (
  `id` int unsigned NOT NULL AUTO_INCREMENT,
  `created_at` timestamp NULL DEFAULT NULL,
  `updated_at` timestamp NULL DEFAULT NULL,
  `user_id` int NOT NULL,
  `client_id` int NOT NULL,
  `group_id` int NOT NULL,
  `company_profile_id` int NOT NULL,
  `terms` text CHARACTER SET utf8mb3 COLLATE utf8mb3_unicode_ci,
  `footer` text CHARACTER SET utf8mb3 COLLATE utf8mb3_unicode_ci,
  `currency_code` varchar(255) CHARACTER SET utf8mb3 COLLATE utf8mb3_unicode_ci NOT NULL,
  `exchange_rate` decimal(10,7) NOT NULL,
  `template` varchar(255) CHARACTER SET utf8mb3 COLLATE utf8mb3_unicode_ci NOT NULL,
  `summary` varchar(255) CHARACTER SET utf8mb3 COLLATE utf8mb3_unicode_ci DEFAULT NULL,
  `discount` decimal(15,2) NOT NULL,
  `recurring_frequency` int NOT NULL,
  `recurring_period` int NOT NULL,
  `next_date` date NOT NULL,
  `stop_date` date NOT NULL,
  PRIMARY KEY (`id`),
  KEY `recurring_invoices_user_id_index` (`user_id`),
  KEY `recurring_invoices_client_id_index` (`client_id`),
  KEY `recurring_invoices_company_profile_id_index` (`company_profile_id`)
) ENGINE=InnoDB AUTO_INCREMENT=2 DEFAULT CHARSET=utf8mb3 COLLATE=utf8mb3_unicode_ci;
/*!40101 SET character_set_client = @saved_cs_client */;

--
-- Dumping data for table `recurring_invoices`
--

LOCK TABLES `recurring_invoices` WRITE;
/*!40000 ALTER TABLE `recurring_invoices` DISABLE KEYS */;
/*!40000 ALTER TABLE `recurring_invoices` ENABLE KEYS */;
UNLOCK TABLES;

--
-- Table structure for table `recurring_invoices_custom`
--

DROP TABLE IF EXISTS `recurring_invoices_custom`;
/*!40101 SET @saved_cs_client     = @@character_set_client */;
/*!50503 SET character_set_client = utf8mb4 */;
CREATE TABLE `recurring_invoices_custom` (
  `recurring_invoice_id` int NOT NULL,
  `created_at` timestamp NULL DEFAULT NULL,
  `updated_at` timestamp NULL DEFAULT NULL,
  PRIMARY KEY (`recurring_invoice_id`)
) ENGINE=InnoDB DEFAULT CHARSET=utf8mb3 COLLATE=utf8mb3_unicode_ci;
/*!40101 SET character_set_client = @saved_cs_client */;

--
-- Dumping data for table `recurring_invoices_custom`
--

LOCK TABLES `recurring_invoices_custom` WRITE;
/*!40000 ALTER TABLE `recurring_invoices_custom` DISABLE KEYS */;
/*!40000 ALTER TABLE `recurring_invoices_custom` ENABLE KEYS */;
UNLOCK TABLES;

--
-- Table structure for table `recurring_invoices_old`
--

DROP TABLE IF EXISTS `recurring_invoices_old`;
/*!40101 SET @saved_cs_client     = @@character_set_client */;
/*!50503 SET character_set_client = utf8mb4 */;
CREATE TABLE `recurring_invoices_old` (
  `id` int unsigned NOT NULL AUTO_INCREMENT,
  `created_at` timestamp NULL DEFAULT NULL,
  `updated_at` timestamp NULL DEFAULT NULL,
  `invoice_id` int NOT NULL,
  `recurring_frequency` int NOT NULL,
  `recurring_period` int NOT NULL,
  `generate_at` date NOT NULL DEFAULT '0000-00-00',
  `stop_at` date NOT NULL DEFAULT '0000-00-00',
  PRIMARY KEY (`id`)
) ENGINE=InnoDB DEFAULT CHARSET=utf8mb3 COLLATE=utf8mb3_unicode_ci;
/*!40101 SET character_set_client = @saved_cs_client */;

--
-- Dumping data for table `recurring_invoices_old`
--

LOCK TABLES `recurring_invoices_old` WRITE;
/*!40000 ALTER TABLE `recurring_invoices_old` DISABLE KEYS */;
/*!40000 ALTER TABLE `recurring_invoices_old` ENABLE KEYS */;
UNLOCK TABLES;

--
-- Table structure for table `schedule`
--

DROP TABLE IF EXISTS `schedule`;
/*!40101 SET @saved_cs_client     = @@character_set_client */;
/*!50503 SET character_set_client = utf8mb4 */;
CREATE TABLE `schedule` (
  `id` int unsigned NOT NULL AUTO_INCREMENT,
  `title` varchar(150) CHARACTER SET utf8mb3 COLLATE utf8mb3_unicode_ci NOT NULL,
  `description` text CHARACTER SET utf8mb3 COLLATE utf8mb3_unicode_ci,
  `isRecurring` tinyint unsigned NOT NULL DEFAULT '0',
  `rrule` varchar(300) CHARACTER SET utf8mb3 COLLATE utf8mb3_unicode_ci DEFAULT NULL,
  `user_id` int NOT NULL,
  `category_id` int NOT NULL DEFAULT '1',
  `quotes_id` int NOT NULL,
  `invoices_id` int NOT NULL DEFAULT '0',
  `url` varchar(300) CHARACTER SET utf8mb3 COLLATE utf8mb3_unicode_ci DEFAULT NULL,
  `will_call` tinyint(1) NOT NULL,
  `created_at` timestamp NULL DEFAULT NULL,
  `updated_at` timestamp NULL DEFAULT NULL,
  `deleted_at` timestamp NULL DEFAULT NULL,
  PRIMARY KEY (`id`)
) ENGINE=InnoDB AUTO_INCREMENT=1000178 DEFAULT CHARSET=utf8mb3 COLLATE=utf8mb3_unicode_ci;
/*!40101 SET character_set_client = @saved_cs_client */;

--
-- Dumping data for table `schedule`
--

LOCK TABLES `schedule` WRITE;
/*!40000 ALTER TABLE `schedule` DISABLE KEYS */;
INSERT INTO `schedule` VALUES (1000164,'TATA','TATA',0,NULL,2,3,125,96,'http://uat-fusion.samiteon.com/invoices/96/edit',0,'2022-06-03 06:31:55','2022-08-05 04:35:06',NULL),(1000165,'TATA','TATA',0,NULL,2,7,126,97,'http://uat-fusion.samiteon.com/index.php/invoices/97/edit',0,'2022-06-03 06:32:06','2022-06-03 06:34:12',NULL),(1000166,'TATA','TATA',0,NULL,2,5,127,98,'http://uat-fusion.samiteon.com/index.php/invoices/98/edit',0,'2022-06-13 03:36:13','2022-06-27 03:11:49',NULL),(1000167,'50 Fifty Chairs','50 Fifty Chairs',0,NULL,2,5,0,99,'http://uat-fusion.samiteon.com/index.php/invoices/99/edit',0,'2022-06-28 00:38:04','2022-06-28 00:38:04',NULL),(1000168,'TATA','TATA',0,NULL,2,1,128,0,'http://uat-fusion.samiteon.com/index.php/quotes/128/edit',0,'2022-07-28 02:07:46','2022-07-28 02:07:46',NULL),(1000169,'TREO','TREO',0,NULL,2,7,129,100,'http://uat-fusion.samiteon.com/invoices/100/edit',0,'2022-08-04 02:18:04','2022-08-10 02:22:39',NULL),(1000170,'TATA','TATA',0,NULL,2,1,132,0,'http://uat-fusion.samiteon.com/index.php/quotes/132/edit',0,'2022-08-08 02:07:17','2022-08-08 02:07:17',NULL),(1000171,'TATA','TATA',0,NULL,2,5,0,101,'http://uat-fusion.samiteon.com/index.php/invoices/101/edit',0,'2022-08-08 02:55:36','2022-08-08 02:55:36',NULL),(1000172,'TATA','TATA',0,NULL,2,1,133,0,'http://uat-fusion.samiteon.com/quotes/133/edit',0,'2022-08-08 23:01:48','2022-08-08 23:01:48',NULL),(1000173,'TATA','TATA',0,NULL,2,2,134,0,'http://uat-fusion.samiteon.com/index.php/quotes/134/edit',0,'2022-08-09 05:39:02','2022-08-10 03:11:21',NULL),(1000174,'TATA','TATA',0,NULL,2,1,135,0,'http://uat-fusion.samiteon.com/quotes/135/edit',0,'2022-08-09 05:52:11','2022-08-09 05:52:11',NULL),(1000175,'TATA','TATA',0,NULL,2,1,136,0,'http://uat-fusion.samiteon.com/index.php/quotes/136/edit',0,'2022-08-10 03:24:20','2022-08-10 03:24:20',NULL),(1000176,'TATA','TATA',0,NULL,2,5,0,102,'http://uat-fusion.samiteon.com/index.php/invoices/102/edit',0,'2022-08-10 03:25:06','2022-08-10 03:25:06',NULL),(1000177,'kimray.smith1@outlook.com','kimray.smith1@outlook.com',0,NULL,2,1,137,0,'http://uat-fusion.samiteon.com/index.php/quotes/137/edit',0,'2022-08-16 10:41:24','2022-08-16 10:41:24',NULL);
/*!40000 ALTER TABLE `schedule` ENABLE KEYS */;
UNLOCK TABLES;

--
-- Table structure for table `schedule_categories`
--

DROP TABLE IF EXISTS `schedule_categories`;
/*!40101 SET @saved_cs_client     = @@character_set_client */;
/*!50503 SET character_set_client = utf8mb4 */;
CREATE TABLE `schedule_categories` (
  `id` int unsigned NOT NULL AUTO_INCREMENT,
  `name` varchar(50) CHARACTER SET utf8mb3 COLLATE utf8mb3_unicode_ci NOT NULL,
  `text_color` varchar(10) CHARACTER SET utf8mb3 COLLATE utf8mb3_unicode_ci NOT NULL,
  `bg_color` varchar(10) CHARACTER SET utf8mb3 COLLATE utf8mb3_unicode_ci NOT NULL,
  PRIMARY KEY (`id`)
) ENGINE=InnoDB AUTO_INCREMENT=14 DEFAULT CHARSET=utf8mb3 COLLATE=utf8mb3_unicode_ci;
/*!40101 SET character_set_client = @saved_cs_client */;

--
-- Dumping data for table `schedule_categories`
--

LOCK TABLES `schedule_categories` WRITE;
/*!40000 ALTER TABLE `schedule_categories` DISABLE KEYS */;
INSERT INTO `schedule_categories` VALUES (1,'Quotes-Draft','#181616','#b9b9e2'),(2,'Quotes-Sent','#161515','#3d9970'),(3,'Quotes-Approved','#161515','#b3f1c2'),(4,'Quotes-Rejected','#ffffff','#d58ba3'),(5,'Invoice-Draft','#1e1b1b','#f4f47d'),(6,'Invoice-Sent','#ffffff','#00c0ef'),(7,'Invoice-Paid-Partial','#ffffff','#b6efb3'),(8,'Invoice-Paid-Full','#ffffff','#00a65a'),(9,'Invoice-Overdue','#000000','#dd4b39'),(10,'Invoice-Cancelled','#000000','#ff1f9a'),(11,'General Appointment','#000000','#5656ff'),(12,'Client Appointment','#000000','#d4aaff'),(13,'Worker Schedule','#000000','#aaffaa');
/*!40000 ALTER TABLE `schedule_categories` ENABLE KEYS */;
UNLOCK TABLES;

--
-- Table structure for table `schedule_occurrences`
--

DROP TABLE IF EXISTS `schedule_occurrences`;
/*!40101 SET @saved_cs_client     = @@character_set_client */;
/*!50503 SET character_set_client = utf8mb4 */;
CREATE TABLE `schedule_occurrences` (
  `oid` int unsigned NOT NULL AUTO_INCREMENT,
  `schedule_id` int unsigned NOT NULL,
  `start_date` datetime DEFAULT NULL,
  `end_date` datetime DEFAULT NULL,
  `created_at` timestamp NULL DEFAULT NULL,
  `updated_at` timestamp NULL DEFAULT NULL,
  PRIMARY KEY (`oid`),
  KEY `schedule_occurrence_event_id_foreign` (`schedule_id`),
  CONSTRAINT `schedule_occurrences_schedule_id_foreign` FOREIGN KEY (`schedule_id`) REFERENCES `schedule` (`id`) ON DELETE CASCADE ON UPDATE CASCADE
) ENGINE=InnoDB AUTO_INCREMENT=149 DEFAULT CHARSET=utf8mb3 COLLATE=utf8mb3_unicode_ci;
/*!40101 SET character_set_client = @saved_cs_client */;

--
-- Dumping data for table `schedule_occurrences`
--

LOCK TABLES `schedule_occurrences` WRITE;
/*!40000 ALTER TABLE `schedule_occurrences` DISABLE KEYS */;
INSERT INTO `schedule_occurrences` VALUES (135,1000164,'2022-06-03 00:00:00','2022-06-03 00:00:00','2022-06-03 06:31:55','2022-06-03 06:31:55'),(136,1000165,'2022-06-25 00:00:00','2022-06-25 00:00:00','2022-06-03 06:32:06','2022-06-03 06:32:06'),(137,1000166,'2022-06-13 00:00:00','2022-06-13 00:00:00','2022-06-13 03:36:13','2022-06-13 03:36:13'),(138,1000167,'2022-06-28 00:00:00','2022-06-28 00:00:00','2022-06-28 00:38:04','2022-06-28 00:38:04'),(139,1000168,'2022-07-29 00:00:00','2022-07-29 00:00:00','2022-07-28 02:07:46','2022-07-28 02:07:46'),(140,1000169,'2022-08-18 00:00:00','2022-08-18 00:00:00','2022-08-04 02:18:04','2022-08-04 02:18:04'),(141,1000170,'2022-08-08 00:00:00','2022-08-08 00:00:00','2022-08-08 02:07:17','2022-08-08 02:07:17'),(142,1000171,'2022-08-08 00:00:00','2022-08-08 00:00:00','2022-08-08 02:55:36','2022-08-08 02:55:36'),(143,1000172,'2022-08-22 00:00:00','2022-08-22 00:00:00','2022-08-08 23:01:48','2022-08-08 23:01:48'),(144,1000173,'2022-08-31 00:00:00','2022-08-31 00:00:00','2022-08-09 05:39:02','2022-08-09 05:39:02'),(145,1000174,'2022-08-12 00:00:00','2022-08-12 00:00:00','2022-08-09 05:52:11','2022-08-09 05:52:23'),(146,1000175,'2022-09-16 00:00:00','2022-09-16 00:00:00','2022-08-10 03:24:20','2022-08-10 03:24:20'),(147,1000176,'2022-10-01 00:00:00','2022-10-01 00:00:00','2022-08-10 03:25:06','2022-08-10 03:25:06'),(148,1000177,'2022-08-16 00:00:00','2022-08-16 00:00:00','2022-08-16 10:41:24','2022-08-16 10:41:24');
/*!40000 ALTER TABLE `schedule_occurrences` ENABLE KEYS */;
UNLOCK TABLES;

--
-- Table structure for table `schedule_reminders`
--

DROP TABLE IF EXISTS `schedule_reminders`;
/*!40101 SET @saved_cs_client     = @@character_set_client */;
/*!50503 SET character_set_client = utf8mb4 */;
CREATE TABLE `schedule_reminders` (
  `id` int unsigned NOT NULL AUTO_INCREMENT,
  `schedule_id` int unsigned NOT NULL,
  `reminder_date` timestamp NOT NULL DEFAULT '0000-00-00 00:00:00',
  `reminder_location` text CHARACTER SET utf8mb3 COLLATE utf8mb3_unicode_ci NOT NULL,
  `reminder_text` longtext CHARACTER SET utf8mb3 COLLATE utf8mb3_unicode_ci NOT NULL,
  `created_at` timestamp NULL DEFAULT NULL,
  `updated_at` timestamp NULL DEFAULT NULL,
  PRIMARY KEY (`id`),
  KEY `schedule_reminder_schedule_id_foreign` (`schedule_id`),
  CONSTRAINT `schedule_reminder_schedule_id_foreign` FOREIGN KEY (`schedule_id`) REFERENCES `schedule` (`id`) ON DELETE CASCADE ON UPDATE CASCADE
) ENGINE=InnoDB DEFAULT CHARSET=utf8mb3 COLLATE=utf8mb3_unicode_ci;
/*!40101 SET character_set_client = @saved_cs_client */;

--
-- Dumping data for table `schedule_reminders`
--

LOCK TABLES `schedule_reminders` WRITE;
/*!40000 ALTER TABLE `schedule_reminders` DISABLE KEYS */;
/*!40000 ALTER TABLE `schedule_reminders` ENABLE KEYS */;
UNLOCK TABLES;

--
-- Table structure for table `schedule_resources`
--

DROP TABLE IF EXISTS `schedule_resources`;
/*!40101 SET @saved_cs_client     = @@character_set_client */;
/*!50503 SET character_set_client = utf8mb4 */;
CREATE TABLE `schedule_resources` (
  `id` int unsigned NOT NULL AUTO_INCREMENT,
  `schedule_id` int unsigned NOT NULL,
  `fid` int NOT NULL,
  `resource_table` varchar(45) CHARACTER SET utf8mb3 COLLATE utf8mb3_unicode_ci DEFAULT NULL,
  `resource_id` int DEFAULT NULL,
  `value` varchar(255) CHARACTER SET utf8mb3 COLLATE utf8mb3_unicode_ci DEFAULT NULL,
  `qty` int DEFAULT NULL,
  PRIMARY KEY (`id`),
  KEY `schedule_resource_schedule_id_foreign` (`schedule_id`),
  CONSTRAINT `schedule_resources_schedule_id_foreign` FOREIGN KEY (`schedule_id`) REFERENCES `schedule` (`id`) ON DELETE CASCADE ON UPDATE CASCADE
) ENGINE=InnoDB DEFAULT CHARSET=utf8mb3 COLLATE=utf8mb3_unicode_ci;
/*!40101 SET character_set_client = @saved_cs_client */;

--
-- Dumping data for table `schedule_resources`
--

LOCK TABLES `schedule_resources` WRITE;
/*!40000 ALTER TABLE `schedule_resources` DISABLE KEYS */;
/*!40000 ALTER TABLE `schedule_resources` ENABLE KEYS */;
UNLOCK TABLES;

--
-- Table structure for table `schedule_settings`
--

DROP TABLE IF EXISTS `schedule_settings`;
/*!40101 SET @saved_cs_client     = @@character_set_client */;
/*!50503 SET character_set_client = utf8mb4 */;
CREATE TABLE `schedule_settings` (
  `id` int unsigned NOT NULL AUTO_INCREMENT,
  `created_at` timestamp NULL DEFAULT NULL,
  `updated_at` timestamp NULL DEFAULT NULL,
  `setting_key` varchar(255) CHARACTER SET utf8mb3 COLLATE utf8mb3_unicode_ci NOT NULL,
  `setting_value` text CHARACTER SET utf8mb3 COLLATE utf8mb3_unicode_ci NOT NULL,
  PRIMARY KEY (`id`),
  KEY `schedule_settings_setting_key_index` (`setting_key`)
) ENGINE=InnoDB AUTO_INCREMENT=8 DEFAULT CHARSET=utf8mb3 COLLATE=utf8mb3_unicode_ci;
/*!40101 SET character_set_client = @saved_cs_client */;

--
-- Dumping data for table `schedule_settings`
--

LOCK TABLES `schedule_settings` WRITE;
/*!40000 ALTER TABLE `schedule_settings` DISABLE KEYS */;
INSERT INTO `schedule_settings` VALUES (1,NULL,NULL,'pastdays','60'),(2,NULL,'2022-02-18 08:50:01','eventLimit','10'),(3,NULL,NULL,'createWorkorder','0'),(4,NULL,NULL,'version','2.0.1'),(5,NULL,NULL,'fcThemeSystem','standard'),(6,NULL,NULL,'fcAspectRatio','1.35'),(7,NULL,NULL,'timestep','15');
/*!40000 ALTER TABLE `schedule_settings` ENABLE KEYS */;
UNLOCK TABLES;

--
-- Table structure for table `settings`
--

DROP TABLE IF EXISTS `settings`;
/*!40101 SET @saved_cs_client     = @@character_set_client */;
/*!50503 SET character_set_client = utf8mb4 */;
CREATE TABLE `settings` (
  `id` int unsigned NOT NULL AUTO_INCREMENT,
  `created_at` timestamp NULL DEFAULT NULL,
  `updated_at` timestamp NULL DEFAULT NULL,
  `setting_key` varchar(255) CHARACTER SET utf8mb3 COLLATE utf8mb3_unicode_ci NOT NULL,
  `setting_value` text CHARACTER SET utf8mb3 COLLATE utf8mb3_unicode_ci NOT NULL,
  PRIMARY KEY (`id`),
  KEY `settings_setting_key_index` (`setting_key`)
) ENGINE=InnoDB AUTO_INCREMENT=107 DEFAULT CHARSET=utf8mb3 COLLATE=utf8mb3_unicode_ci;
/*!40101 SET character_set_client = @saved_cs_client */;

--
-- Dumping data for table `settings`
--

LOCK TABLES `settings` WRITE;
/*!40000 ALTER TABLE `settings` DISABLE KEYS */;
INSERT INTO `settings` VALUES (1,'2021-12-31 06:30:43','2021-12-31 06:30:43','language','en'),(2,'2021-12-31 06:30:43','2021-12-31 06:30:43','dateFormat','m/d/Y'),(3,'2021-12-31 06:30:43','2022-01-12 04:37:03','invoiceTemplate','custom.blade.php'),(4,'2021-12-31 06:30:43','2021-12-31 06:30:43','invoicesDueAfter','30'),(5,'2021-12-31 06:30:43','2021-12-31 06:30:43','invoiceGroup','1'),(6,'2021-12-31 06:30:43','2022-01-19 06:53:34','quoteTemplate','custom.blade.php'),(7,'2021-12-31 06:30:43','2021-12-31 06:30:43','quotesExpireAfter','15'),(8,'2021-12-31 06:30:43','2021-12-31 06:30:43','quoteGroup','2'),(9,'2021-12-31 06:30:43','2021-12-31 06:30:43','automaticEmailOnRecur','1'),(10,'2021-12-31 06:30:43','2021-12-31 06:30:43','markInvoicesSentPdf','0'),(11,'2021-12-31 06:30:43','2021-12-31 06:30:43','markQuotesSentPdf','0'),(12,'2021-12-31 06:30:43','2021-12-31 06:30:43','timezone','America/Phoenix'),(13,'2021-12-31 06:30:43','2021-12-31 06:30:43','attachPdf','1'),(14,'2021-12-31 06:30:43','2022-01-11 05:21:18','headerTitleText','FusionInvoice - Dev'),(15,'2021-12-31 06:30:44','2021-12-31 06:30:44','overdueInvoiceEmailBody','<p>This is a reminder to let you know your invoice from {{ $invoice->user->name }} for {{ $invoice->amount->formatted_total }} is overdue. Click the link below to view the invoice:</p>\r\n\r\n<p><a href=\"{{ $invoice->public_url }}\">{{ $invoice->public_url }}</a></p>'),(16,'2021-12-31 06:30:44','2022-01-18 05:05:16','invoiceEmailBody','<p>To view your invoice from {{ $invoice->user->name }} for {{ $invoice->amount->formatted_total }}, click the link below:</p>\r\n\r\n<p><a href=\"{{ $invoice->public_url }}\">{{ $invoice->public_url }}</a></p>\r\n\r\n<p>The validity of the invoice is till {{ $invoice->formatted_due_at }}. Please note that the order is not confirmed till deposit is made.</p>'),(17,'2021-12-31 06:30:44','2022-01-18 05:03:17','quoteEmailBody','<p>To view your quote from {{ $quote->user->name }} for {{ $quote->amount->formatted_total }}, click the link below:</p>\r\n\r\n<p><a href=\"{{ $quote->public_url }}\">{{ $quote->public_url }}</a></p>\r\n\r\n<p>The validity of the quote is till {{ $quote->formatted_expires_at }}. Please note that the order is not confirmed till deposit is made.</p>'),(18,'2021-12-31 06:30:44','2021-12-31 06:30:44','convertQuoteWhenApproved','1'),(19,'2021-12-31 06:30:44','2021-12-31 06:30:44','paperOrientation','portrait'),(20,'2021-12-31 06:30:44','2021-12-31 06:30:44','paperSize','letter'),(21,'2021-12-31 06:30:44','2021-12-31 06:30:48','version','2018-5'),(22,'2021-12-31 06:30:44','2021-12-31 06:30:44','baseCurrency','USD'),(23,'2021-12-31 06:30:44','2021-12-31 06:30:44','exchangeRateMode','automatic'),(24,'2021-12-31 06:30:44','2021-12-31 06:30:44','paymentReceiptBody','<p>Thank you! Your payment of {{ $payment->formatted_amount }} has been applied to Invoice #{{ $payment->invoice->number }}.</p>'),(25,'2021-12-31 06:30:44','2021-12-31 06:30:44','pdfDriver','domPDF'),(26,'2021-12-31 06:30:45','2021-12-31 06:30:45','convertQuoteTerms','quote'),(27,'2021-12-31 06:30:45','2021-12-31 06:30:45','displayClientUniqueName','0'),(28,'2021-12-31 06:30:45','2021-12-31 06:30:45','dashboardTotals','year_to_date'),(29,'2021-12-31 06:30:45','2021-12-31 06:30:45','widgetEnabledInvoiceSummary','1'),(30,'2021-12-31 06:30:45','2022-01-03 01:22:46','widgetInvoiceSummaryDashboardTotals','year_to_date'),(31,'2021-12-31 06:30:45','2021-12-31 06:30:45','widgetEnabledQuoteSummary','1'),(32,'2021-12-31 06:30:45','2021-12-31 06:30:45','widgetQuoteSummaryDashboardTotals','year_to_date'),(33,'2021-12-31 06:30:45','2021-12-31 06:30:48','currencyConversionDriver','FixerIOCurrencyConverter'),(34,'2021-12-31 06:30:45','2021-12-31 06:30:45','profileImageDriver','Gravatar'),(35,'2021-12-31 06:30:46','2021-12-31 06:30:46','widgetDisplayOrderInvoiceSummary','1'),(36,'2021-12-31 06:30:46','2021-12-31 06:30:46','widgetColumnWidthInvoiceSummary','6'),(37,'2021-12-31 06:30:46','2021-12-31 06:30:46','widgetDisplayOrderQuoteSummary','2'),(38,'2021-12-31 06:30:46','2021-12-31 06:30:46','widgetColumnWidthQuoteSummary','6'),(39,'2021-12-31 06:30:46','2021-12-31 06:30:47','merchant','{\"PayPalExpress\":{\"enabled\":0,\"username\":\"\",\"password\":\"\",\"signature\":\"\",\"testMode\":0,\"paymentButtonText\":\"Pay with PayPal\"},\"Stripe\":{\"enabled\":0,\"secretKey\":\"\",\"publishableKey\":\"\",\"requireBillingName\":0,\"requireBillingAddress\":0,\"requireBillingCity\":0,\"requireBillingState\":0,\"requireBillingZip\":0,\"paymentButtonText\":\"Pay with Stripe\"},\"Mollie\":{\"enabled\":0,\"apiKey\":\"\",\"paymentButtonText\":\"Pay with Mollie\"}}'),(40,'2021-12-31 06:30:46','2021-12-31 06:30:46','quoteApprovedEmailBody','<p><a href=\"{{ $quote->public_url }}\">Quote #{{ $quote->number }}</a> has been APPROVED.</p>'),(41,'2021-12-31 06:30:46','2021-12-31 06:30:46','quoteRejectedEmailBody','<p><a href=\"{{ $quote->public_url }}\">Quote #{{ $quote->number }}</a> has been REJECTED.</p>'),(42,'2021-12-31 06:30:46','2022-02-10 23:00:31','skin','skin-blue-light.min.css'),(43,'2021-12-31 06:30:46','2021-12-31 06:30:46','addressFormat','{{ address }}\r\n{{ city }}, {{ state }} {{ postal_code }}'),(44,'2021-12-31 06:30:46','2021-12-31 06:30:46','resultsPerPage','15'),(45,'2021-12-31 06:30:46','2021-12-31 06:30:46','displayProfileImage','1'),(46,'2021-12-31 06:30:47','2021-12-31 06:30:47','upcomingPaymentNoticeEmailBody','<p>This is a notice to let you know your invoice from {{ $invoice->user->name }} for {{ $invoice->amount->formatted_total }} is due on {{ $invoice->formatted_due_at }}. Click the link below to view the invoice:</p>\r\n\r\n<p><a href=\"{{ $invoice->public_url }}\">{{ $invoice->public_url }}</a></p>'),(47,'2021-12-31 06:30:47','2021-12-31 06:30:47','quoteEmailSubject','Quote #{{ $quote->number }}'),(48,'2021-12-31 06:30:47','2021-12-31 06:30:47','invoiceEmailSubject','Invoice #{{ $invoice->number }}'),(49,'2021-12-31 06:30:47','2021-12-31 06:30:47','overdueInvoiceEmailSubject','Overdue Invoice Reminder: Invoice #{{ $invoice->number }}'),(50,'2021-12-31 06:30:47','2021-12-31 06:30:47','upcomingPaymentNoticeEmailSubject','Upcoming Payment Due Notice: Invoice #{{ $invoice->number }}'),(51,'2021-12-31 06:30:47','2021-12-31 06:30:47','paymentReceiptEmailSubject','Payment Receipt for Invoice #{{ $payment->invoice->number }}'),(52,'2021-12-31 06:30:47','2021-12-31 06:30:47','amountDecimals','2'),(53,'2021-12-31 06:30:47','2021-12-31 06:30:47','roundTaxDecimals','3'),(54,'2021-12-31 06:30:47','2021-12-31 06:30:47','allowPaymentsWithoutBalance','0'),(55,'2021-12-31 06:30:47','2021-12-31 06:30:47','widgetEnabledClientActivity','0'),(56,'2021-12-31 06:30:47','2021-12-31 06:30:47','widgetDisplayOrderClientActivity','3'),(57,'2021-12-31 06:30:47','2021-12-31 06:30:47','widgetColumnWidthClientActivity','4'),(58,'2021-12-31 06:30:48','2022-05-04 00:52:12','merchant_Stripe_enabled','1'),(59,'2021-12-31 06:30:48','2022-05-04 00:52:12','merchant_Stripe_publishableKey','pk_test_51KuxZKBfSS5QJNpPjNaYsIETsdT9fx2sLXkaHDowDHakDVly5ILwp317YAAlUXgJNMdKoibl7zHeM4ixIhj8C55A00s7BEOAMz'),(60,'2021-12-31 06:30:48','2022-05-04 00:52:12','merchant_Stripe_secretKey','sk_test_51KuxZKBfSS5QJNpPVpTSfbj8u9fyjJVWQCiB8X9y1lnzx2sRJjzQvIPveLx49zKBxqgy0fu4DMXQKB3SATisDQY800mHL0BuJ6'),(61,'2021-12-31 06:30:48','2021-12-31 06:30:48','merchant_Stripe_paymentButtonText','Pay with Stripe'),(62,'2021-12-31 06:30:48','2021-12-31 06:30:48','merchant_PayPal_paymentButtonText','Pay with PayPal'),(63,'2021-12-31 06:30:48','2021-12-31 06:30:48','merchant_Mollie_enabled','0'),(64,'2021-12-31 06:30:48','2021-12-31 06:30:48','merchant_Mollie_apiKey',''),(65,'2021-12-31 06:30:48','2021-12-31 06:30:48','merchant_Mollie_paymentButtonText','Pay with Mollie'),(66,'2021-12-31 06:30:48','2021-12-31 06:30:48','merchant_Stripe_enableBitcoinPayments','0'),(67,'2021-12-31 06:30:48','2021-12-31 06:30:48','invoiceStatusFilter','all_statuses'),(68,'2021-12-31 06:30:48','2021-12-31 06:30:48','quoteStatusFilter','all_statuses'),(69,'2021-12-30 23:32:20','2021-12-30 23:32:20','defaultCompanyProfile','1'),(70,'2022-01-03 00:47:30','2022-01-03 00:47:30','widgetInvoiceSummaryDashboardTotalsFromDate',''),(71,'2022-01-03 00:47:30','2022-01-03 00:47:30','widgetInvoiceSummaryDashboardTotalsToDate',''),(72,'2022-01-03 02:26:41','2022-01-03 02:26:41','use24HourTimeFormat','0'),(73,'2022-01-03 02:26:41','2022-01-03 02:26:41','forceHttps','0'),(74,'2022-01-03 02:26:41','2022-01-03 02:26:41','widgetQuoteSummaryDashboardTotalsFromDate',''),(75,'2022-01-03 02:26:41','2022-01-03 02:26:41','widgetQuoteSummaryDashboardTotalsToDate',''),(76,'2022-01-03 02:26:41','2022-01-03 02:27:32','widgetEnabledSchedulerSummary','0'),(77,'2022-01-03 02:26:41','2022-01-03 02:27:32','widgetDisplayOrderSchedulerSummary','1'),(78,'2022-01-03 02:26:41','2022-01-03 02:27:08','widgetColumnWidthSchedulerSummary','10'),(79,'2022-01-03 02:26:41','2022-01-03 02:26:41','invoiceTerms',''),(80,'2022-01-03 02:26:41','2022-01-03 02:26:41','invoiceFooter',''),(81,'2022-01-03 02:26:41','2022-01-03 02:26:41','automaticEmailPaymentReceipts','0'),(82,'2022-01-03 02:26:41','2022-01-12 04:37:03','onlinePaymentMethod','4'),(83,'2022-01-03 02:26:41','2022-01-03 02:26:41','resetInvoiceDateEmailDraft','0'),(84,'2022-01-03 02:26:41','2022-01-03 02:26:41','quoteTerms',''),(85,'2022-01-03 02:26:41','2022-01-03 02:26:41','quoteFooter',''),(86,'2022-01-03 02:26:41','2022-01-03 02:26:41','resetQuoteDateEmailDraft','0'),(87,'2022-01-03 02:26:41','2022-01-12 04:37:58','itemTaxRate','2'),(88,'2022-01-03 02:26:41','2022-01-03 02:26:41','itemTax2Rate','0'),(89,'2022-01-03 02:26:41','2022-01-12 04:38:54','mailDriver','smtp'),(90,'2022-01-03 02:26:41','2022-08-10 02:50:13','mailHost','mail.smtp2go.com'),(91,'2022-01-03 02:26:41','2022-08-10 02:50:13','mailPort','2525'),(92,'2022-01-03 02:26:41','2022-08-10 02:50:13','mailUsername','jjactive@jurysoftprojects.com'),(93,'2022-01-03 02:26:41','2022-08-10 02:50:13','mailEncryption','tls'),(94,'2022-01-03 02:26:41','2022-01-03 02:26:41','mailAllowSelfSignedCertificate','0'),(95,'2022-01-03 02:26:41','2022-01-03 02:26:41','mailSendmail',''),(96,'2022-01-03 02:26:41','2022-01-03 02:26:41','mailReplyToAddress',''),(97,'2022-01-03 02:26:41','2022-01-03 02:26:41','mailDefaultCc',''),(98,'2022-01-03 02:26:41','2022-01-03 02:26:41','mailDefaultBcc',''),(99,'2022-01-03 02:26:41','2022-01-03 02:26:41','overdueInvoiceReminderFrequency',''),(100,'2022-01-03 02:26:41','2022-01-03 02:26:41','upcomingPaymentNoticeFrequency',''),(101,'2022-01-03 02:26:41','2022-01-03 02:26:41','pdfBinaryPath',''),(102,'2022-01-03 02:26:41','2022-05-04 00:52:12','merchant_PayPal_enabled','1'),(103,'2022-01-03 02:26:41','2022-05-04 00:52:12','merchant_PayPal_clientId','AYv1Fx4N1tHYgPPzetrhjS_1odhliZBKQUjaFkwV2Ex'),(104,'2022-01-03 02:26:41','2022-05-04 00:52:12','merchant_PayPal_clientSecret','EMqzrEkAaUfKv2wH_jl2xDav8fhtW7DT8NAZj-YQwYbViuo1kAp33TNqgCdyojRGEfvw4ECJZET3ijUi'),(105,'2022-01-03 02:26:41','2022-01-03 02:26:41','merchant_PayPal_mode','sandbox'),(106,'2022-01-03 02:27:08','2022-08-10 02:50:13','mailPassword','eyJpdiI6IjNhMk8yeDJuSElYKzArQUg2U293OVE9PSIsInZhbHVlIjoiUlZUN1g1Q09RaGxPOEFrNk5GS05uY09qaWRcLzYzZ3lYXC9Wd21TTTd2K2hJPSIsIm1hYyI6ImEyZWQyNjBjZGU3ZWNiYjkzODdlZWU1OTFhOWZmNThlZDg4Y2ZiMDcwMmVhOTdhMTQ1Mjk3N2QxNjliZjdkNGUifQ==');
/*!40000 ALTER TABLE `settings` ENABLE KEYS */;
UNLOCK TABLES;

--
-- Table structure for table `tax_rates`
--

DROP TABLE IF EXISTS `tax_rates`;
/*!40101 SET @saved_cs_client     = @@character_set_client */;
/*!50503 SET character_set_client = utf8mb4 */;
CREATE TABLE `tax_rates` (
  `id` int unsigned NOT NULL AUTO_INCREMENT,
  `created_at` timestamp NULL DEFAULT NULL,
  `updated_at` timestamp NULL DEFAULT NULL,
  `name` varchar(255) CHARACTER SET utf8mb3 COLLATE utf8mb3_unicode_ci NOT NULL,
  `percent` decimal(5,3) NOT NULL DEFAULT '0.000',
  `is_compound` tinyint(1) NOT NULL DEFAULT '0',
  `calculate_vat` tinyint(1) NOT NULL,
  PRIMARY KEY (`id`)
) ENGINE=InnoDB AUTO_INCREMENT=3 DEFAULT CHARSET=utf8mb3 COLLATE=utf8mb3_unicode_ci;
/*!40101 SET character_set_client = @saved_cs_client */;

--
-- Dumping data for table `tax_rates`
--

LOCK TABLES `tax_rates` WRITE;
/*!40000 ALTER TABLE `tax_rates` DISABLE KEYS */;
INSERT INTO `tax_rates` VALUES (1,'2022-01-12 04:34:07','2022-01-12 04:34:07','IN Sales Tax',7.000,0,0),(2,'2022-01-12 04:34:38','2022-01-12 04:34:38','KY Sales Tax',6.000,0,0);
/*!40000 ALTER TABLE `tax_rates` ENABLE KEYS */;
UNLOCK TABLES;

--
-- Table structure for table `users`
--

DROP TABLE IF EXISTS `users`;
/*!40101 SET @saved_cs_client     = @@character_set_client */;
/*!50503 SET character_set_client = utf8mb4 */;
CREATE TABLE `users` (
  `id` int unsigned NOT NULL AUTO_INCREMENT,
  `created_at` timestamp NULL DEFAULT NULL,
  `updated_at` timestamp NULL DEFAULT NULL,
  `email` varchar(255) CHARACTER SET utf8mb3 COLLATE utf8mb3_unicode_ci NOT NULL,
  `password` varchar(255) CHARACTER SET utf8mb3 COLLATE utf8mb3_unicode_ci NOT NULL,
  `name` varchar(255) CHARACTER SET utf8mb3 COLLATE utf8mb3_unicode_ci NOT NULL,
  `remember_token` varchar(100) CHARACTER SET utf8mb3 COLLATE utf8mb3_unicode_ci DEFAULT NULL,
  `api_public_key` varchar(255) CHARACTER SET utf8mb3 COLLATE utf8mb3_unicode_ci DEFAULT NULL,
  `api_secret_key` varchar(255) CHARACTER SET utf8mb3 COLLATE utf8mb3_unicode_ci DEFAULT NULL,
  `client_id` int NOT NULL,
  `access_level` int DEFAULT '1',
  PRIMARY KEY (`id`),
  KEY `users_client_id_index` (`client_id`)
) ENGINE=InnoDB AUTO_INCREMENT=10 DEFAULT CHARSET=utf8mb3 COLLATE=utf8mb3_unicode_ci;
/*!40101 SET character_set_client = @saved_cs_client */;

--
-- Dumping data for table `users`
--

LOCK TABLES `users` WRITE;
/*!40000 ALTER TABLE `users` DISABLE KEYS */;
INSERT INTO `users` VALUES (2,'2021-12-30 23:32:20','2021-12-30 23:32:20','admin@fusion.com','$2a$12$nA.Ub//w1G8uDI2k86TG1OWRatN9.iY.hREcSVQeeJ88/ebMr1Fo.','Ajay G','veoBmNWVbuz27Le6GZgzwKFGD9De6n9gyFjstl5NSozcRmVhv3YzWCVDwVQl','J5XRDq31qpgZZjpyI6a47AVlLROiDybV','dkfcSAX9UZLONQoou8HbKrKroCOxZUzw',0,1),(3,'2022-01-11 04:19:57','2022-01-11 04:19:57','srp@samiteon.com','$2y$10$S9dj2JcnShbwV59.8z0GJOMTaO2B937qHiJUrbcfpDjvti.Nt5X7m','Santosh','o8TLhs8pop5ACfHn5PfBmLR1vdwrEGF94N3Is5ActFjCYEHbni6amcUpHDBl','','',0,1),(4,'2022-01-17 03:46:54','2022-01-17 03:46:54','don@samiteon.com','$2y$10$32TxLLNvIJjmOMecpv4GBuWd36xJhP7TkoDI8LFVOwckgiFXcKkQy','don','yj3MVrZ6TcAPPeHXW1pDU4kLXRDUn1ySgKFu5HeeDQ22RxowTrRuaCzhCepj','','',0,1),(5,'2022-01-18 03:03:21','2022-01-18 03:03:21','subham.5ine@gmail.com','$2y$10$AlDNTx0EnPN7FIJrLnhioOZC/8ExgEC/35bSq335wudX5IQbS00wO','Target','cMqv14al1XmBmP9qC968AEZ5eCjgJHbZfV4ck5GAsp2WWxKXt9wQnTW21DeS',NULL,NULL,30,1),(6,'2022-04-20 01:04:16','2022-04-20 01:04:16','manjunath@samiteon.com','$2y$10$F3bhnOqqlLTRnvrq1J1uiuFw58IuIr/0cmuzzWd8uflspC61l.YjC','TATA','RyMxnKK3pwNcWSc7V65cbeSgF00bUWtVKs1SOBRFmu8sPMiqkUenRhKLBMIi',NULL,NULL,1955,1),(7,'2022-04-25 05:17:40','2022-04-25 05:17:40','rupsy@samiteon.com','$2y$10$.JHqh9HQbtU1YJLXV2ETo.n1o/LX8t99k7XT5q7s3PZmis9WyaDZa','Azkaban','IYbt2JFaPCVzxjNqY8E3OQSj1cpzeqoBdaVOxiQ5TFP7HlQsiXCtagQliMqW',NULL,NULL,1956,1),(8,'2022-08-04 02:16:48','2022-08-04 02:16:48','mhindupur@gmail.com','$2y$10$7jjfCavo/Cg5dteQM1gCr.3DHGTtGkmsyUzRicmjEPWAT5Xc99xyq','TREO',NULL,NULL,NULL,1958,1),(9,'2022-08-10 02:52:25','2022-08-10 02:52:25','sahasubham043@gmail.com','$2y$10$Syx.hFo3XU1j4qWA5MpmuuSM07cMcykf9XaejKHmpLgg.c1cUijVe','developer',NULL,'','',0,1);
/*!40000 ALTER TABLE `users` ENABLE KEYS */;
UNLOCK TABLES;

--
-- Table structure for table `users_custom`
--

DROP TABLE IF EXISTS `users_custom`;
/*!40101 SET @saved_cs_client     = @@character_set_client */;
/*!50503 SET character_set_client = utf8mb4 */;
CREATE TABLE `users_custom` (
  `user_id` int NOT NULL,
  `created_at` timestamp NULL DEFAULT NULL,
  `updated_at` timestamp NULL DEFAULT NULL,
  PRIMARY KEY (`user_id`)
) ENGINE=InnoDB DEFAULT CHARSET=utf8mb3 COLLATE=utf8mb3_unicode_ci;
/*!40101 SET character_set_client = @saved_cs_client */;

--
-- Dumping data for table `users_custom`
--

LOCK TABLES `users_custom` WRITE;
/*!40000 ALTER TABLE `users_custom` DISABLE KEYS */;
INSERT INTO `users_custom` VALUES (3,'2022-01-11 04:19:57','2022-01-11 04:19:57'),(4,'2022-01-17 03:46:54','2022-01-17 03:46:54'),(5,'2022-01-18 03:03:21','2022-01-18 03:03:21'),(6,'2022-04-20 01:04:16','2022-04-20 01:04:16'),(7,'2022-04-25 05:17:40','2022-04-25 05:17:40'),(8,'2022-08-04 02:16:48','2022-08-04 02:16:48'),(9,'2022-08-10 02:52:25','2022-08-10 02:52:25');
/*!40000 ALTER TABLE `users_custom` ENABLE KEYS */;
UNLOCK TABLES;
/*!40103 SET TIME_ZONE=@OLD_TIME_ZONE */;

/*!40101 SET SQL_MODE=@OLD_SQL_MODE */;
/*!40014 SET FOREIGN_KEY_CHECKS=@OLD_FOREIGN_KEY_CHECKS */;
/*!40014 SET UNIQUE_CHECKS=@OLD_UNIQUE_CHECKS */;
/*!40101 SET CHARACTER_SET_CLIENT=@OLD_CHARACTER_SET_CLIENT */;
/*!40101 SET CHARACTER_SET_RESULTS=@OLD_CHARACTER_SET_RESULTS */;
/*!40101 SET COLLATION_CONNECTION=@OLD_COLLATION_CONNECTION */;
/*!40111 SET SQL_NOTES=@OLD_SQL_NOTES */;

-- Dump completed on 2022-08-17 11:07:58
